2.595516e+003,5.772802e-004
2.595757e+003,5.825224e-004
2.595998e+003,1.432952e-004
2.596239e+003,9.639762e-005
2.596480e+003,4.903623e-004
2.596721e+003,3.106101e-004
2.596962e+003,-2.058461e-004
2.597204e+003,-1.871007e-004
2.597445e+003,7.388954e-006
2.597686e+003,3.122349e-004
2.597927e+003,5.119574e-004
2.598168e+003,4.937127e-004
2.598409e+003,6.293398e-004
2.598650e+003,9.035436e-004
2.598891e+003,1.187489e-003
2.599132e+003,6.748681e-004
2.599373e+003,6.759396e-006
2.599614e+003,-5.996102e-004
2.599855e+003,-2.341614e-004
2.600096e+003,1.061744e-004
2.600337e+003,-1.527452e-005
2.600578e+003,6.981903e-005
2.600820e+003,1.423009e-004
2.601061e+003,-5.036345e-006
2.601302e+003,1.443559e-004
2.601543e+003,4.864481e-004
2.601784e+003,5.064839e-004
2.602025e+003,2.785478e-004
2.602266e+003,3.026192e-004
2.602507e+003,5.711755e-004
2.602748e+003,3.930813e-004
2.602989e+003,-9.929136e-005
2.603230e+003,-2.766474e-004
2.603471e+003,-3.639243e-004
2.603712e+003,2.720494e-004
2.603953e+003,3.382646e-004
2.604194e+003,4.751681e-005
2.604435e+003,5.023411e-005
2.604677e+003,-2.153659e-005
2.604917e+003,2.681703e-004
2.605159e+003,4.609402e-004
2.605400e+003,3.982881e-004
2.605641e+003,8.245608e-004
2.605882e+003,7.935890e-004
2.606123e+003,5.006456e-004
2.606364e+003,4.038929e-004
2.606605e+003,4.221339e-004
2.606846e+003,5.152416e-004
2.607087e+003,8.105186e-004
2.607328e+003,6.914611e-004
2.607569e+003,5.576061e-004
2.607810e+003,4.532119e-004
2.608051e+003,4.192817e-004
2.608292e+003,7.620836e-007
2.608533e+003,-1.234730e-004
2.608774e+003,1.120738e-004
2.609016e+003,-2.818129e-004
2.609257e+003,-5.211672e-005
2.609498e+003,3.287478e-004
2.609739e+003,3.732828e-004
2.609980e+003,4.385184e-004
2.610221e+003,1.394504e-004
2.610462e+003,3.566355e-004
2.610703e+003,7.654741e-004
2.610944e+003,5.197864e-004
2.611185e+003,2.474824e-004
2.611426e+003,5.346817e-004
2.611667e+003,4.955039e-004
2.611908e+003,2.946616e-004
2.612149e+003,-2.145893e-004
2.612390e+003,-1.756069e-005
2.612632e+003,-8.438420e-005
2.612873e+003,1.228784e-004
2.613114e+003,1.368651e-004
2.613355e+003,-2.092242e-004
2.613596e+003,-5.662228e-004
2.613837e+003,-3.834235e-004
2.614078e+003,-3.076400e-004
2.614319e+003,-1.350996e-004
2.614560e+003,4.904950e-004
2.614801e+003,1.007581e-003
2.615042e+003,1.075702e-003
2.615283e+003,9.716152e-004
2.615524e+003,2.553397e-004
2.615765e+003,-1.815366e-004
2.616006e+003,1.000100e-004
2.616248e+003,8.956746e-004
2.616489e+003,1.254808e-003
2.616729e+003,4.720189e-004
2.616971e+003,-2.565142e-004
2.617212e+003,9.012552e-006
2.617453e+003,3.905277e-004
2.617694e+003,3.718900e-004
2.617935e+003,8.038463e-004
2.618176e+003,7.138960e-004
2.618417e+003,1.789607e-004
2.618658e+003,6.070580e-005
2.618899e+003,2.054359e-005
2.619140e+003,1.091904e-004
2.619381e+003,3.639974e-004
2.619622e+003,7.272713e-004
2.619863e+003,6.158350e-004
2.620104e+003,6.566495e-004
2.620345e+003,-1.259092e-006
2.620587e+003,-4.466239e-005
2.620828e+003,4.901965e-004
2.621069e+003,3.604491e-004
2.621310e+003,-3.508753e-005
2.621551e+003,-9.753566e-005
2.621792e+003,-1.843187e-004
2.622033e+003,-3.989163e-004
2.622274e+003,1.004409e-004
2.622515e+003,5.304021e-004
2.622756e+003,4.053190e-004
2.622997e+003,2.079327e-004
2.623238e+003,1.557328e-005
2.623479e+003,-2.674088e-004
2.623720e+003,-2.773096e-004
2.623961e+003,-1.134693e-004
2.624202e+003,-2.743412e-005
2.624444e+003,-5.274619e-005
2.624685e+003,3.562376e-004
2.624926e+003,9.974491e-005
2.625167e+003,5.914829e-005
2.625408e+003,4.569599e-004
2.625649e+003,1.036110e-003
2.625890e+003,1.244141e-003
2.626131e+003,7.782534e-004
2.626372e+003,3.442002e-004
2.626613e+003,3.783235e-004
2.626854e+003,9.775595e-004
2.627095e+003,6.901005e-004
2.627336e+003,2.736408e-004
2.627577e+003,4.458153e-004
2.627818e+003,5.966567e-004
2.628060e+003,5.367053e-004
2.628301e+003,7.543879e-004
2.628542e+003,2.338236e-004
2.628783e+003,-3.190630e-004
2.629024e+003,-1.307935e-004
2.629265e+003,2.435703e-004
2.629506e+003,5.538571e-004
2.629747e+003,4.701282e-004
2.629988e+003,-3.568726e-004
2.630229e+003,-1.465934e-004
2.630470e+003,1.466097e-004
2.630711e+003,3.090186e-004
2.630952e+003,5.541226e-004
2.631193e+003,8.016554e-004
2.631434e+003,6.263535e-004
2.631676e+003,3.423101e-004
2.631917e+003,5.411176e-004
2.632157e+003,7.637813e-004
2.632399e+003,3.805454e-004
2.632640e+003,7.608242e-005
2.632881e+003,8.373779e-005
2.633122e+003,3.342523e-004
2.633363e+003,2.213918e-004
2.633604e+003,1.096212e-004
2.633845e+003,4.205088e-004
2.634086e+003,2.965598e-005
2.634327e+003,-1.662017e-004
2.634568e+003,9.192355e-005
2.634809e+003,1.696794e-004
2.635050e+003,2.427084e-004
2.635291e+003,2.730440e-004
2.635532e+003,2.207288e-004
2.635773e+003,1.625197e-004
2.636015e+003,3.111738e-004
2.636256e+003,2.300774e-004
2.636497e+003,4.159651e-004
2.636738e+003,6.172617e-004
2.636979e+003,5.629475e-004
2.637220e+003,-2.262996e-005
2.637461e+003,-4.452257e-004
2.637702e+003,-1.594780e-004
2.637943e+003,2.054315e-006
2.638184e+003,2.463220e-004
2.638425e+003,4.798803e-004
2.638666e+003,4.320894e-005
2.638907e+003,4.102188e-005
2.639148e+003,-1.373189e-004
2.639389e+003,-4.860693e-004
2.639630e+003,-5.175229e-005
2.639872e+003,5.243644e-004
2.640113e+003,7.387882e-004
2.640354e+003,5.165354e-004
2.640595e+003,-9.256664e-005
2.640836e+003,2.439350e-004
2.641077e+003,5.876651e-004
2.641318e+003,-3.140993e-005
2.641559e+003,-7.997821e-005
2.641800e+003,9.929354e-004
2.642041e+003,1.237396e-003
2.642282e+003,8.762848e-004
2.642523e+003,5.339518e-004
2.642764e+003,1.435604e-004
2.643005e+003,1.016671e-004
2.643246e+003,1.142612e-004
2.643488e+003,3.314337e-004
2.643729e+003,5.500419e-004
2.643970e+003,5.003139e-004
2.644211e+003,5.053561e-004
2.644452e+003,1.810158e-004
2.644693e+003,8.907343e-005
2.644934e+003,1.981536e-004
2.645175e+003,1.010374e-004
2.645416e+003,-2.957862e-004
2.645657e+003,4.155207e-005
2.645898e+003,3.764664e-004
2.646139e+003,5.163695e-004
2.646380e+003,6.925231e-004
2.646621e+003,4.687351e-004
2.646862e+003,1.390858e-004
2.647104e+003,-7.186179e-005
2.647344e+003,-7.695186e-004
2.647585e+003,-1.143341e-003
2.647827e+003,-8.465774e-004
2.648068e+003,-2.737334e-004
2.648309e+003,1.046499e-004
2.648550e+003,-1.364908e-004
2.648791e+003,-2.545273e-004
2.649032e+003,2.397578e-004
2.649273e+003,2.430731e-004
2.649514e+003,2.443329e-004
2.649755e+003,5.389281e-004
2.649996e+003,5.662984e-004
2.650237e+003,5.095027e-004
2.650478e+003,1.684861e-004
2.650719e+003,2.872346e-004
2.650960e+003,4.534440e-004
2.651201e+003,3.204581e-004
2.651443e+003,8.025517e-004
2.651684e+003,1.748519e-003
2.651925e+003,2.077262e-003
2.652166e+003,1.071617e-003
2.652407e+003,3.089854e-004
2.652648e+003,-2.700247e-004
2.652889e+003,2.084181e-005
2.653130e+003,4.269762e-004
2.653371e+003,2.042863e-004
2.653612e+003,1.706738e-004
2.653853e+003,-2.410495e-004
2.654094e+003,-2.130990e-004
2.654335e+003,5.135498e-004
2.654576e+003,5.905185e-004
2.654817e+003,5.320609e-004
2.655058e+003,4.567278e-004
2.655300e+003,2.684687e-004
2.655541e+003,5.727680e-004
2.655782e+003,3.886373e-004
2.656023e+003,7.097891e-005
2.656264e+003,-2.538651e-004
2.656505e+003,-1.297666e-004
2.656746e+003,7.608242e-005
2.656987e+003,-2.489972e-004
2.657228e+003,9.755757e-005
2.657469e+003,4.114877e-004
2.657710e+003,5.569425e-004
2.657951e+003,3.727853e-004
2.658192e+003,3.939435e-004
2.658433e+003,2.148943e-004
2.658674e+003,1.800877e-004
2.658916e+003,2.014022e-004
2.659156e+003,4.394802e-004
2.659398e+003,9.589631e-004
2.659639e+003,7.942197e-004
2.659880e+003,4.420673e-004
2.660121e+003,8.094232e-004
2.660362e+003,5.266534e-004
2.660603e+003,2.823606e-004
2.660844e+003,6.388964e-004
2.661085e+003,3.715915e-004
2.661326e+003,1.289437e-004
2.661567e+003,2.443660e-004
2.661808e+003,2.250716e-004
2.662049e+003,-1.858091e-004
2.662290e+003,-4.465497e-004
2.662531e+003,-1.809073e-004
2.662772e+003,3.602833e-004
2.663013e+003,8.622742e-004
2.663255e+003,5.327907e-004
2.663496e+003,2.858088e-004
2.663737e+003,5.037638e-004
2.663978e+003,3.227460e-004
2.664219e+003,5.262004e-005
2.664460e+003,-6.987407e-005
2.664701e+003,1.345263e-005
2.664942e+003,4.776578e-004
2.665183e+003,4.941439e-004
2.665424e+003,1.366663e-004
2.665665e+003,-2.100647e-005
2.665906e+003,9.885009e-005
2.666147e+003,8.426804e-005
2.666388e+003,3.268909e-004
2.666629e+003,3.970278e-004
2.666871e+003,3.110412e-004
2.667112e+003,4.055511e-004
2.667353e+003,7.860871e-004
2.667594e+003,6.247608e-004
2.667835e+003,-5.997220e-006
2.668076e+003,1.552276e-004
2.668317e+003,8.198468e-004
2.668558e+003,7.981368e-004
2.668799e+003,-1.020516e-005
2.669040e+003,-1.525555e-004
2.669281e+003,2.293481e-004
2.669522e+003,2.527869e-004
2.669763e+003,-6.324828e-005
2.670004e+003,-6.579922e-005
2.670245e+003,2.277900e-004
2.670487e+003,-4.111740e-005
2.670728e+003,-4.896935e-005
2.670969e+003,1.133332e-004
2.671210e+003,9.043221e-005
2.671451e+003,-9.541555e-005
2.671692e+003,1.509849e-004
2.671933e+003,3.851883e-004
2.672174e+003,4.385847e-004
2.672415e+003,6.103269e-004
2.672656e+003,5.938697e-004
2.672897e+003,1.691822e-004
2.673138e+003,2.193529e-005
2.673379e+003,3.720226e-004
2.673620e+003,2.211597e-004
2.673861e+003,-2.871440e-004
2.674102e+003,6.335691e-005
2.674344e+003,-2.889192e-005
2.674584e+003,-2.613158e-004
2.674826e+003,4.069109e-004
2.675067e+003,5.420134e-004
2.675308e+003,3.137933e-004
2.675549e+003,5.225398e-004
2.675790e+003,7.596986e-004
2.676031e+003,7.064951e-004
2.676272e+003,1.645748e-004
2.676513e+003,1.478030e-004
2.676754e+003,3.830658e-004
2.676995e+003,5.437717e-004
2.677236e+003,3.859511e-004
2.677477e+003,1.405798e-003
2.677718e+003,2.166596e-003
2.677959e+003,1.368270e-003
2.678200e+003,6.378345e-004
2.678441e+003,5.481840e-004
2.678683e+003,8.796381e-004
2.678924e+003,1.021397e-003
2.679165e+003,9.099519e-004
2.679406e+003,5.862053e-004
2.679647e+003,4.626318e-004
2.679888e+003,6.057812e-004
2.680129e+003,9.811793e-004
2.680370e+003,7.846266e-004
2.680611e+003,4.887037e-004
2.680852e+003,3.974590e-004
2.681093e+003,3.779256e-004
2.681334e+003,3.104443e-004
2.681575e+003,8.337325e-005
2.681816e+003,2.427084e-004
2.682057e+003,7.458246e-004
2.682299e+003,9.251261e-004
2.682540e+003,5.801668e-004
2.682781e+003,1.134326e-004
2.683022e+003,-2.696936e-004
2.683263e+003,-4.638763e-007
2.683504e+003,4.744735e-004
2.683745e+003,9.217393e-004
2.683986e+003,4.830647e-004
2.684227e+003,3.141249e-004
2.684468e+003,5.061854e-004
2.684709e+003,1.380915e-004
2.684950e+003,2.037559e-004
2.685191e+003,8.665416e-005
2.685432e+003,-3.551180e-004
2.685673e+003,-7.064723e-004
2.685915e+003,9.368004e-005
2.686156e+003,5.885609e-004
2.686396e+003,7.220508e-005
2.686638e+003,1.220167e-004
2.686879e+003,2.959878e-004
2.687120e+003,-8.653749e-005
2.687361e+003,-9.949012e-005
2.687602e+003,4.270426e-004
2.687843e+003,5.358428e-004
2.688084e+003,1.561557e-004
2.688325e+003,1.666962e-004
2.688566e+003,4.273411e-004
2.688807e+003,2.905833e-004
2.689048e+003,1.047493e-004
2.689289e+003,1.194646e-004
2.689530e+003,4.930824e-004
2.689771e+003,2.117450e-004
2.690012e+003,-2.194575e-004
2.690254e+003,-4.639931e-004
2.690495e+003,-2.224712e-004
2.690736e+003,2.365752e-004
2.690977e+003,5.541557e-004
2.691218e+003,3.143901e-004
2.691459e+003,8.877517e-005
2.691700e+003,2.133693e-004
2.691941e+003,5.940355e-004
2.692182e+003,8.178550e-004
2.692423e+003,5.024701e-004
2.692664e+003,3.714589e-004
2.692905e+003,6.526675e-004
2.693146e+003,7.377925e-004
2.693387e+003,5.457954e-004
2.693628e+003,3.590895e-004
2.693869e+003,-2.620823e-005
2.694111e+003,-2.940644e-004
2.694352e+003,4.383855e-005
2.694593e+003,5.714078e-004
2.694834e+003,1.022892e-003
2.695075e+003,7.920289e-004
2.695316e+003,2.007724e-004
2.695557e+003,1.737565e-004
2.695798e+003,3.968952e-004
2.696039e+003,8.585558e-004
2.696280e+003,5.842809e-004
2.696521e+003,3.660534e-004
2.696762e+003,4.781885e-004
2.697003e+003,7.208325e-004
2.697244e+003,1.070753e-003
2.697485e+003,7.099798e-004
2.697727e+003,1.378263e-004
2.697968e+003,-9.277521e-007
2.698208e+003,-2.355766e-005
2.698450e+003,-1.267192e-004
2.698691e+003,-2.146555e-004
2.698932e+003,-1.780590e-004
2.699173e+003,5.407527e-004
2.699414e+003,7.369959e-004
2.699655e+003,3.767649e-004
2.699896e+003,1.738228e-004
2.700137e+003,4.254619e-005
2.700378e+003,8.857632e-005
2.700619e+003,3.201597e-004
2.700860e+003,1.193569e-003
2.701101e+003,1.973434e-003
2.701343e+003,1.194533e-003
2.701583e+003,4.397124e-004
2.701824e+003,3.825684e-004
2.702066e+003,9.152586e-005
2.702307e+003,4.368268e-004
2.702548e+003,1.981489e-003
2.702789e+003,5.107978e-003
2.703030e+003,4.782730e-003
2.703271e+003,1.578322e-003
2.703512e+003,1.754802e-004
2.703753e+003,-9.607809e-005
2.703994e+003,3.007955e-004
2.704235e+003,2.178778e-004
2.704476e+003,-2.444604e-004
2.704717e+003,-4.582196e-005
2.704958e+003,1.830710e-004
2.705199e+003,5.404541e-004
2.705440e+003,7.408792e-004
2.705682e+003,5.944005e-004
2.705923e+003,6.030604e-004
2.706164e+003,2.018663e-004
2.706405e+003,-3.928251e-004
2.706646e+003,-3.524363e-004
2.706887e+003,-3.108186e-004
2.707128e+003,-3.233010e-004
2.707369e+003,2.783157e-004
2.707610e+003,4.367605e-004
2.707851e+003,1.945404e-004
2.708092e+003,4.145390e-004
2.708333e+003,1.071351e-003
2.708574e+003,1.015618e-003
2.708815e+003,4.045562e-004
2.709056e+003,2.366415e-004
2.709297e+003,3.682421e-004
2.709539e+003,6.491443e-005
2.709780e+003,-2.402547e-004
2.710021e+003,3.515951e-004
2.710262e+003,7.505377e-004
2.710503e+003,4.978260e-004
2.710744e+003,2.132699e-004
2.710985e+003,4.724833e-004
2.711226e+003,8.690470e-004
2.711467e+003,6.373036e-004
2.711708e+003,4.567278e-004
2.711949e+003,3.199939e-004
2.712190e+003,5.172652e-004
2.712431e+003,3.784230e-004
2.712672e+003,3.149538e-004
2.712913e+003,4.503262e-004
2.713155e+003,5.686540e-004
2.713396e+003,7.958795e-004
2.713636e+003,6.821358e-004
2.713878e+003,1.437593e-004
2.714119e+003,2.487422e-004
2.714360e+003,2.349267e-005
2.714601e+003,6.524583e-005
2.714842e+003,3.319974e-004
2.715083e+003,3.894664e-004
2.715324e+003,1.894686e-004
2.715565e+003,8.198135e-005
2.715806e+003,4.064466e-004
2.716047e+003,3.348491e-004
2.716288e+003,4.996836e-004
2.716529e+003,5.002475e-004
2.716771e+003,2.962862e-004
2.717011e+003,3.656886e-004
2.717252e+003,4.595471e-004
2.717494e+003,1.049960e-003
2.717735e+003,8.759528e-004
2.717976e+003,8.628961e-005
2.718217e+003,4.110897e-004
2.718458e+003,6.213762e-004
2.718699e+003,1.831705e-004
2.718940e+003,-3.485561e-005
2.719181e+003,2.741050e-004
2.719422e+003,5.802663e-004
2.719663e+003,6.748017e-004
2.719904e+003,7.917302e-004
2.720145e+003,7.540560e-004
2.720386e+003,5.005129e-004
2.720627e+003,3.020887e-004
2.720868e+003,4.577228e-004
2.721110e+003,2.907160e-004
2.721351e+003,6.444380e-004
2.721592e+003,5.376674e-004
2.721833e+003,1.881758e-004
2.722074e+003,-1.981370e-005
2.722315e+003,3.005361e-005
2.722556e+003,1.722973e-006
2.722797e+003,-2.392212e-005
2.723038e+003,2.890250e-004
2.723279e+003,7.944189e-004
2.723520e+003,7.826018e-004
2.723761e+003,6.274485e-004
2.724002e+003,1.709722e-004
2.724243e+003,2.597786e-005
2.724484e+003,-1.526548e-004
2.724725e+003,-3.164186e-005
2.724967e+003,6.254244e-004
2.725208e+003,8.811321e-004
2.725449e+003,6.789831e-004
2.725690e+003,2.223043e-003
2.725931e+003,2.595109e-003
2.726172e+003,1.126094e-003
2.726413e+003,2.828580e-004
2.726654e+003,2.653190e-004
2.726895e+003,5.907176e-004
2.727136e+003,1.502076e-003
2.727377e+003,4.026301e-003
2.727618e+003,8.277569e-003
2.727859e+003,6.769889e-003
2.728100e+003,1.883574e-003
2.728341e+003,4.305583e-004
2.728583e+003,7.329467e-004
2.728823e+003,5.884946e-004
2.729064e+003,4.410723e-004
2.729306e+003,5.901204e-004
2.729547e+003,1.214864e-004
2.729788e+003,2.395657e-005
2.730029e+003,4.602562e-005
2.730270e+003,-1.910089e-004
2.730511e+003,-1.602729e-004
2.730752e+003,3.004640e-004
2.730993e+003,3.741450e-004
2.731234e+003,6.113555e-004
2.731475e+003,6.034918e-004
2.731716e+003,4.507242e-004
2.731957e+003,6.018991e-004
2.732198e+003,2.563674e-004
2.732439e+003,-3.308499e-004
2.732680e+003,6.604116e-005
2.732922e+003,5.449328e-004
2.733163e+003,2.708558e-004
2.733404e+003,2.320002e-004
2.733645e+003,7.875477e-004
2.733886e+003,9.150652e-004
2.734127e+003,3.552096e-004
2.734368e+003,-5.953779e-005
2.734609e+003,-1.965729e-004
2.734850e+003,2.110157e-004
2.735091e+003,2.926058e-004
2.735332e+003,1.484659e-004
2.735573e+003,7.697719e-005
2.735814e+003,3.749409e-004
2.736055e+003,4.546049e-004
2.736296e+003,6.831313e-004
2.736538e+003,9.973524e-004
2.736779e+003,5.268524e-004
2.737020e+003,1.309323e-004
2.737261e+003,4.958024e-004
2.737502e+003,7.978048e-004
2.737743e+003,7.138296e-004
2.737984e+003,4.120184e-004
2.738225e+003,4.402099e-004
2.738466e+003,4.318518e-004
2.738707e+003,-5.569475e-005
2.738948e+003,3.193307e-004
2.739189e+003,9.642763e-004
2.739430e+003,5.577719e-004
2.739671e+003,-1.923005e-004
2.739912e+003,-2.705214e-004
2.740153e+003,5.273169e-004
2.740395e+003,6.943152e-004
2.740635e+003,4.048215e-004
2.740877e+003,-2.351880e-004
2.741118e+003,-4.147064e-004
2.741359e+003,2.679714e-004
2.741600e+003,8.934168e-004
2.741841e+003,9.839357e-004
2.742082e+003,9.872565e-004
2.742323e+003,1.072779e-003
2.742564e+003,9.991457e-004
2.742805e+003,3.785557e-004
2.743046e+003,3.524904e-004
2.743287e+003,7.288312e-004
2.743528e+003,5.966235e-004
2.743769e+003,2.512287e-004
2.744010e+003,3.190323e-004
2.744251e+003,3.482126e-004
2.744492e+003,3.037797e-004
2.744734e+003,5.626524e-005
2.744975e+003,3.556738e-004
2.745216e+003,5.975194e-004
2.745457e+003,4.562302e-004
2.745698e+003,5.040955e-004
2.745939e+003,2.525548e-004
2.746180e+003,2.440013e-004
2.746421e+003,1.042853e-004
2.746662e+003,-2.584378e-005
2.746903e+003,3.982217e-004
2.747144e+003,1.121078e-003
2.747385e+003,1.104701e-003
2.747626e+003,4.445549e-004
2.747867e+003,6.055489e-004
2.748108e+003,5.911821e-004
2.748350e+003,-1.421549e-004
2.748591e+003,-3.440601e-004
2.748832e+003,2.192039e-004
2.749073e+003,5.805317e-004
2.749314e+003,2.479797e-004
2.749555e+003,3.708619e-004
2.749796e+003,2.089914e-003
2.750037e+003,4.276691e-003
2.750278e+003,3.618459e-003
2.750519e+003,2.349684e-003
2.750760e+003,1.210947e-003
2.751001e+003,1.028903e-003
2.751242e+003,1.186991e-003
2.751483e+003,2.923226e-003
2.751724e+003,9.825206e-003
2.751966e+003,1.410546e-002
2.752207e+003,7.004120e-003
2.752448e+003,7.709841e-004
2.752689e+003,-1.071091e-004
2.752930e+003,3.699997e-004
2.753171e+003,7.573089e-004
2.753412e+003,1.177081e-004
2.753653e+003,2.292486e-004
2.753894e+003,6.872133e-004
2.754135e+003,4.893008e-004
2.754376e+003,4.643235e-004
2.754617e+003,4.278717e-004
2.754858e+003,3.351475e-004
2.755099e+003,-2.187952e-004
2.755340e+003,-6.804705e-004
2.755581e+003,-4.740219e-004
2.755823e+003,-1.809404e-004
2.756063e+003,5.168941e-006
2.756305e+003,4.561639e-004
2.756546e+003,8.784428e-004
2.756787e+003,9.206435e-004
2.757028e+003,3.656223e-004
2.757269e+003,-5.864329e-005
2.757510e+003,1.937780e-004
2.757751e+003,5.580131e-005
2.757992e+003,4.662210e-005
2.758233e+003,2.034575e-004
2.758474e+003,3.097812e-004
2.758715e+003,7.543879e-004
2.758956e+003,7.870498e-004
2.759197e+003,6.593043e-004
2.759438e+003,4.693985e-004
2.759679e+003,2.315030e-004
2.759920e+003,6.670032e-004
2.760162e+003,6.809742e-004
2.760403e+003,7.447957e-004
2.760644e+003,1.134366e-003
2.760885e+003,1.084239e-003
2.761126e+003,5.457954e-004
2.761367e+003,2.814986e-004
2.761608e+003,1.245356e-004
2.761849e+003,4.771271e-004
2.762090e+003,6.642488e-004
2.762331e+003,-1.401547e-005
2.762572e+003,-3.899120e-004
2.762813e+003,-2.402216e-004
2.763054e+003,-5.324026e-004
2.763295e+003,-8.698247e-004
2.763536e+003,-2.765812e-004
2.763778e+003,3.185349e-004
2.764019e+003,7.487122e-004
2.764260e+003,5.170330e-004
2.764501e+003,2.774205e-004
2.764742e+003,3.055039e-004
2.764983e+003,4.979586e-004
2.765224e+003,6.717818e-004
2.765465e+003,9.276497e-004
2.765706e+003,1.178386e-003
2.765947e+003,8.437490e-004
2.766188e+003,2.955568e-004
2.766429e+003,4.179550e-004
2.766670e+003,6.757972e-004
2.766911e+003,1.077330e-003
2.767152e+003,1.049329e-003
2.767394e+003,7.074575e-004
2.767635e+003,8.744255e-004
2.767875e+003,4.370259e-004
2.768117e+003,-3.175730e-004
2.768358e+003,8.337325e-005
2.768599e+003,5.716732e-004
2.768840e+003,4.883057e-004
2.769081e+003,1.822423e-004
2.769322e+003,4.742413e-004
2.769563e+003,9.228682e-004
2.769804e+003,9.486025e-004
2.770045e+003,7.841951e-004
2.770286e+003,7.671669e-004
2.770527e+003,5.519329e-004
2.770768e+003,-1.818015e-004
2.771009e+003,-1.510318e-004
2.771250e+003,2.632303e-004
2.771491e+003,6.822835e-005
2.771733e+003,1.923857e-004
2.771974e+003,2.598154e-004
2.772215e+003,1.102841e-004
2.772456e+003,8.416861e-005
2.772697e+003,1.837340e-004
2.772938e+003,1.772702e-004
2.773179e+003,8.063692e-004
2.773420e+003,3.046134e-003
2.773661e+003,6.041743e-003
2.773902e+003,4.873962e-003
2.774143e+003,2.187676e-003
2.774384e+003,1.218755e-003
2.774625e+003,1.041690e-003
2.774866e+003,9.685268e-004
2.775107e+003,2.129602e-003
2.775348e+003,9.111042e-003
2.775590e+003,1.956340e-002
2.775831e+003,1.591523e-002
2.776072e+003,4.765544e-003
2.776313e+003,1.468595e-003
2.776554e+003,8.059708e-004
2.776795e+003,5.919784e-004
2.777036e+003,4.687682e-004
2.777277e+003,9.069968e-004
2.777518e+003,8.277809e-004
2.777759e+003,3.658152e-005
2.778000e+003,1.085275e-004
2.778241e+003,4.059823e-004
2.778482e+003,-2.879718e-004
2.778723e+003,-3.225395e-004
2.778964e+003,-5.187017e-004
2.779206e+003,-5.937205e-004
2.779447e+003,-1.699775e-004
2.779688e+003,2.662473e-004
2.779929e+003,4.612055e-004
2.780170e+003,-4.671875e-006
2.780411e+003,1.548630e-004
2.780652e+003,5.701470e-004
2.780893e+003,7.581386e-004
2.781134e+003,4.852539e-004
2.781375e+003,1.760437e-004
2.781616e+003,2.247732e-004
2.781857e+003,5.442029e-004
2.782098e+003,2.833222e-004
2.782339e+003,4.385847e-004
2.782580e+003,5.187580e-004
2.782822e+003,1.042191e-004
2.783063e+003,6.653771e-004
2.783303e+003,9.184189e-004
2.783545e+003,8.685490e-004
2.783786e+003,1.313928e-003
2.784027e+003,1.414440e-003
2.784268e+003,7.012846e-004
2.784509e+003,4.762647e-004
2.784750e+003,-4.645144e-005
2.784991e+003,-7.093418e-005
2.785232e+003,3.537837e-004
2.785473e+003,2.275248e-004
2.785714e+003,6.242902e-005
2.785955e+003,2.962531e-004
2.786196e+003,5.851436e-004
2.786437e+003,8.025517e-004
2.786678e+003,1.501045e-003
2.786919e+003,1.076234e-003
2.787161e+003,1.034236e-004
2.787402e+003,1.166143e-004
2.787643e+003,1.679889e-004
2.787884e+003,4.674082e-004
2.788125e+003,4.853203e-004
2.788366e+003,3.236745e-004
2.788607e+003,1.783972e-004
2.788848e+003,7.155223e-004
2.789089e+003,9.469090e-004
2.789330e+003,4.004769e-004
2.789571e+003,-1.557297e-006
2.789812e+003,3.334564e-004
2.790053e+003,3.110080e-004
2.790294e+003,3.956349e-004
2.790535e+003,4.961010e-004
2.790776e+003,4.121842e-004
2.791018e+003,6.267185e-004
2.791259e+003,5.975857e-004
2.791500e+003,2.229499e-004
2.791741e+003,1.537447e-005
2.791982e+003,1.989824e-004
2.792223e+003,7.359338e-004
2.792464e+003,1.039332e-003
2.792705e+003,9.061999e-004
2.792946e+003,2.783820e-004
2.793187e+003,-2.079326e-004
2.793428e+003,-1.186182e-005
2.793669e+003,3.882062e-004
2.793910e+003,4.017040e-004
2.794151e+003,4.708602e-005
2.794392e+003,-2.806362e-005
2.794634e+003,-8.219777e-005
2.794875e+003,-3.004880e-004
2.795115e+003,2.705906e-004
2.795357e+003,8.965710e-004
2.795598e+003,7.517326e-004
2.795839e+003,6.539284e-004
2.796080e+003,1.119052e-003
2.796321e+003,2.007186e-003
2.796562e+003,5.090947e-003
2.796803e+003,8.349104e-003
2.797044e+003,6.521723e-003
2.797285e+003,2.546746e-003
2.797526e+003,9.973524e-004
2.797767e+003,7.735399e-004
2.798008e+003,1.140446e-003
2.798250e+003,2.858517e-003
2.798490e+003,1.088403e-002
2.798731e+003,2.339837e-002
2.798973e+003,2.197254e-002
2.799214e+003,8.208208e-003
2.799455e+003,1.868799e-003
2.799696e+003,8.530115e-004
2.799937e+003,9.858286e-004
2.800178e+003,6.893372e-004
2.800419e+003,9.013394e-005
2.800660e+003,-4.559169e-004
2.800901e+003,-8.007759e-005
2.801142e+003,3.825352e-004
2.801383e+003,2.799403e-004
2.801624e+003,-3.722008e-004
2.801865e+003,-3.826813e-005
2.802106e+003,4.674082e-004
2.802347e+003,2.656837e-004
2.802589e+003,1.610344e-005
2.802830e+003,3.993825e-004
2.803071e+003,3.402542e-004
2.803312e+003,-2.836673e-004
2.803553e+003,-4.493632e-004
2.803794e+003,2.776721e-005
2.804035e+003,7.558152e-004
2.804276e+003,7.036409e-004
2.804517e+003,1.630169e-004
2.804758e+003,2.172480e-004
2.804999e+003,3.828669e-004
2.805240e+003,4.645225e-004
2.805481e+003,7.328471e-004
2.805722e+003,8.647310e-004
2.805963e+003,-1.216002e-005
2.806204e+003,-3.551180e-004
2.806446e+003,2.082974e-004
2.806687e+003,5.223076e-004
2.806928e+003,3.864485e-004
2.807169e+003,3.340533e-004
2.807410e+003,8.065574e-005
2.807651e+003,2.871351e-004
2.807892e+003,2.249721e-004
2.808133e+003,4.077400e-004
2.808374e+003,3.471515e-004
2.808615e+003,-1.014115e-004
2.808856e+003,-1.657380e-004
2.809097e+003,-4.874263e-004
2.809338e+003,-1.241355e-004
2.809579e+003,4.689672e-004
2.809820e+003,3.278193e-004
2.810062e+003,5.009773e-004
2.810302e+003,4.684365e-004
2.810543e+003,6.646138e-004
2.810785e+003,6.602335e-004
2.811026e+003,3.338875e-004
2.811267e+003,8.655610e-004
2.811508e+003,1.388812e-003
2.811749e+003,9.541812e-004
2.811990e+003,3.803465e-004
2.812231e+003,6.438738e-004
2.812472e+003,1.202906e-003
2.812713e+003,9.898802e-004
2.812954e+003,2.834548e-004
2.813195e+003,5.485821e-004
2.813436e+003,8.709063e-004
2.813677e+003,1.276607e-003
2.813918e+003,1.156126e-003
2.814159e+003,6.419824e-004
2.814401e+003,2.468856e-004
2.814642e+003,2.883619e-004
2.814883e+003,6.849234e-004
2.815124e+003,3.054707e-004
2.815365e+003,-2.681373e-004
2.815606e+003,-2.473414e-004
2.815847e+003,4.080385e-004
2.816088e+003,6.774566e-004
2.816329e+003,6.881093e-004
2.816570e+003,3.488427e-004
2.816811e+003,4.398451e-004
2.817052e+003,2.216239e-004
2.817293e+003,-1.949169e-004
2.817534e+003,4.665523e-005
2.817775e+003,3.608139e-004
2.818017e+003,-1.157549e-004
2.818258e+003,-2.253524e-004
2.818499e+003,1.035845e-003
2.818740e+003,1.480365e-003
2.818981e+003,1.878316e-003
2.819222e+003,5.582027e-003
2.819463e+003,9.019151e-003
2.819704e+003,5.388883e-003
2.819945e+003,9.488349e-004
2.820186e+003,5.882955e-004
2.820427e+003,1.010703e-003
2.820668e+003,1.286278e-003
2.820909e+003,3.637904e-003
2.821150e+003,1.311235e-002
2.821391e+003,2.569375e-002
2.821632e+003,2.082650e-002
2.821874e+003,6.378729e-003
2.822115e+003,1.482260e-003
2.822356e+003,4.910257e-004
2.822597e+003,5.176301e-004
2.822838e+003,5.028018e-004
2.823079e+003,7.041554e-005
2.823320e+003,3.002650e-004
2.823561e+003,1.071650e-003
2.823802e+003,8.931512e-004
2.824043e+003,-7.507524e-005
2.824284e+003,-2.412091e-005
2.824525e+003,7.160865e-004
2.824766e+003,7.434681e-004
2.825007e+003,7.907011e-004
2.825248e+003,8.368106e-004
2.825490e+003,7.259105e-004
2.825730e+003,9.421605e-004
2.825971e+003,1.340383e-003
2.826213e+003,1.043318e-003
2.826454e+003,3.999131e-004
2.826695e+003,4.056506e-004
2.826936e+003,4.954708e-004
2.827177e+003,6.702221e-004
2.827418e+003,1.142671e-003
2.827659e+003,8.936492e-004
2.827900e+003,1.199618e-004
2.828141e+003,-2.921440e-004
2.828382e+003,-1.724284e-004
2.828623e+003,6.610744e-005
2.828864e+003,9.457485e-005
2.829105e+003,3.280515e-004
2.829346e+003,7.428706e-004
2.829587e+003,1.471401e-004
2.829829e+003,-2.947929e-004
2.830070e+003,3.786220e-004
2.830311e+003,7.779879e-004
2.830552e+003,6.077208e-005
2.830793e+003,2.296796e-004
2.831034e+003,3.293115e-004
2.831275e+003,5.452977e-004
2.831516e+003,9.069968e-004
2.831757e+003,5.130522e-004
2.831998e+003,-1.001527e-004
2.832239e+003,6.580433e-004
2.832480e+003,4.650200e-004
2.832721e+003,-2.574414e-004
2.832962e+003,-3.971286e-004
2.833203e+003,1.520456e-004
2.833445e+003,9.500304e-004
2.833686e+003,8.804349e-004
2.833927e+003,-8.117764e-006
2.834168e+003,1.253310e-004
2.834409e+003,8.078830e-005
2.834650e+003,-1.233405e-004
2.834891e+003,-2.004147e-004
2.835132e+003,2.654848e-004
2.835373e+003,2.537152e-004
2.835614e+003,2.123417e-004
2.835855e+003,1.312638e-004
2.836096e+003,2.656174e-004
2.836337e+003,4.216696e-004
2.836578e+003,-1.888599e-005
2.836819e+003,-1.183387e-004
2.837060e+003,2.519249e-004
2.837302e+003,3.910251e-004
2.837542e+003,4.425648e-004
2.837784e+003,1.834025e-004
2.838025e+003,7.203015e-004
2.838266e+003,1.050691e-003
2.838507e+003,6.753990e-004
2.838748e+003,1.770050e-004
2.838989e+003,1.446873e-004
2.839230e+003,9.851867e-005
2.839471e+003,2.721488e-004
2.839712e+003,5.212792e-004
2.839953e+003,-8.945270e-005
2.840194e+003,-1.593786e-004
2.840435e+003,1.845958e-004
2.840676e+003,8.190501e-004
2.840917e+003,2.257547e-003
2.841158e+003,4.839752e-003
2.841399e+003,8.458218e-003
2.841641e+003,7.358469e-003
2.841882e+003,3.028115e-003
2.842123e+003,1.420590e-003
2.842364e+003,1.426308e-003
2.842605e+003,2.116783e-003
2.842846e+003,3.190638e-003
2.843087e+003,6.614600e-003
2.843328e+003,1.749703e-002
2.843569e+003,2.304537e-002
2.843810e+003,1.201541e-002
2.844051e+003,2.431443e-003
2.844292e+003,8.552027e-004
2.844533e+003,1.091414e-003
2.844774e+003,1.008644e-003
2.845015e+003,1.021829e-003
2.845257e+003,1.068063e-003
2.845498e+003,3.985865e-004
2.845739e+003,1.607961e-004
2.845980e+003,1.656024e-004
2.846221e+003,5.483831e-004
2.846462e+003,6.292610e-005
2.846703e+003,-3.407493e-004
2.846944e+003,-2.600906e-004
2.847185e+003,-3.260267e-005
2.847426e+003,4.633947e-004
2.847667e+003,-7.888499e-005
2.847908e+003,2.743585e-005
2.848149e+003,4.937790e-004
2.848390e+003,4.123168e-004
2.848631e+003,6.408874e-004
2.848873e+003,2.788130e-004
2.849114e+003,2.660153e-004
2.849354e+003,5.419138e-004
2.849596e+003,1.883084e-004
2.849837e+003,1.377932e-004
2.850078e+003,6.322931e-004
2.850319e+003,7.458578e-004
2.850560e+003,4.043572e-004
2.850801e+003,3.185681e-004
2.851042e+003,6.449689e-004
2.851283e+003,5.615873e-004
2.851524e+003,3.472586e-005
2.851765e+003,-1.676550e-005
2.852006e+003,5.904853e-004
2.852247e+003,8.673870e-004
2.852488e+003,7.165843e-004
2.852729e+003,4.214043e-004
2.852970e+003,4.061481e-004
2.853212e+003,2.038885e-004
2.853453e+003,4.601773e-004
2.853694e+003,5.588336e-004
2.853935e+003,1.642433e-004
2.854176e+003,-2.166095e-004
2.854417e+003,1.646080e-004
2.854658e+003,7.288312e-004
2.854899e+003,6.748681e-004
2.855140e+003,3.551764e-004
2.855381e+003,2.202315e-004
2.855622e+003,2.996351e-004
2.855863e+003,3.396241e-004
2.856104e+003,8.346527e-004
2.856345e+003,1.342245e-003
2.856586e+003,9.368475e-004
2.856828e+003,7.171154e-004
2.857069e+003,3.706630e-004
2.857310e+003,-2.769454e-004
2.857551e+003,1.414060e-004
2.857792e+003,5.351793e-004
2.858033e+003,4.312548e-004
2.858274e+003,6.665054e-004
2.858515e+003,8.856475e-004
2.858756e+003,5.317954e-004
2.858997e+003,3.934461e-004
2.859238e+003,8.145022e-004
2.859479e+003,7.950164e-004
2.859720e+003,8.433432e-005
2.859961e+003,-5.032769e-005
2.860202e+003,2.654516e-004
2.860443e+003,5.526296e-004
2.860685e+003,9.205771e-004
2.860926e+003,6.605653e-004
2.861167e+003,-3.563429e-004
2.861408e+003,-7.889995e-004
2.861649e+003,-2.548585e-004
2.861890e+003,6.225376e-004
2.862131e+003,1.005389e-003
2.862372e+003,9.662687e-004
2.862613e+003,2.804055e-003
2.862854e+003,5.119210e-003
2.863095e+003,4.222988e-003
2.863336e+003,2.161302e-003
2.863577e+003,1.486682e-003
2.863818e+003,8.261542e-004
2.864059e+003,6.459976e-004
2.864301e+003,1.249358e-003
2.864542e+003,3.584481e-003
2.864782e+003,1.018383e-002
2.865024e+003,1.427838e-002
2.865265e+003,8.712631e-003
2.865506e+003,2.927596e-003
2.865747e+003,1.186592e-003
2.865988e+003,6.784853e-004
2.866229e+003,5.181941e-004
2.866470e+003,3.807113e-004
2.866711e+003,9.570165e-005
2.866952e+003,3.107428e-004
2.867193e+003,5.665958e-006
2.867434e+003,-2.516464e-004
2.867675e+003,-2.799918e-004
2.867916e+003,3.918542e-004
2.868157e+003,6.981649e-004
2.868398e+003,8.568626e-004
2.868640e+003,1.232511e-003
2.868881e+003,1.138187e-003
2.869122e+003,7.176131e-004
2.869363e+003,6.075397e-004
2.869604e+003,9.541812e-004
2.869845e+003,9.127742e-004
2.870086e+003,2.304753e-004
2.870327e+003,-2.908526e-004
2.870568e+003,-9.581307e-005
2.870809e+003,9.343239e-004
2.871050e+003,9.893156e-004
2.871291e+003,5.347148e-004
2.871532e+003,6.061130e-004
2.871773e+003,7.555165e-004
2.872014e+003,8.794057e-004
2.872256e+003,4.259149e-004
2.872497e+003,3.758032e-004
2.872738e+003,5.008446e-004
2.872979e+003,4.357345e-005
2.873220e+003,-3.517079e-004
2.873461e+003,2.534500e-004
2.873702e+003,1.160844e-003
2.873943e+003,6.359431e-004
2.874184e+003,-4.373473e-005
2.874425e+003,1.435604e-004
2.874666e+003,9.871752e-005
2.874907e+003,-6.311576e-005
2.875148e+003,4.310889e-004
2.875389e+003,7.769256e-004
2.875630e+003,8.103527e-004
2.875871e+003,2.181762e-004
2.876113e+003,-3.410804e-004
2.876354e+003,2.489079e-004
2.876595e+003,7.100130e-004
2.876836e+003,9.368808e-004
2.877077e+003,9.978173e-004
2.877318e+003,9.303061e-004
2.877559e+003,5.557150e-004
2.877800e+003,7.836907e-005
2.878041e+003,2.462557e-004
2.878282e+003,4.324207e-005
2.878523e+003,3.518978e-005
2.878764e+003,8.790073e-004
2.879005e+003,1.147754e-003
2.879246e+003,3.181370e-004
2.879487e+003,1.802866e-004
2.879729e+003,-3.737359e-005
2.879969e+003,9.871752e-005
2.880210e+003,6.236326e-004
2.880452e+003,7.409123e-004
2.880693e+003,7.158873e-004
2.880934e+003,7.790501e-004
2.881175e+003,5.824892e-004
2.881416e+003,3.810431e-006
2.881657e+003,-4.787605e-005
2.881898e+003,-1.795163e-004
2.882139e+003,1.698120e-004
2.882380e+003,7.081876e-004
2.882621e+003,4.794159e-004
2.882862e+003,6.307667e-004
2.883103e+003,5.180282e-004
2.883344e+003,1.310318e-004
2.883585e+003,4.715545e-004
2.883826e+003,9.323648e-004
2.884068e+003,9.219385e-004
2.884309e+003,3.484116e-004
2.884550e+003,1.500237e-004
2.884791e+003,1.380036e-003
2.885032e+003,1.771708e-003
2.885273e+003,6.930541e-004
2.885514e+003,-2.183647e-004
2.885755e+003,-3.262477e-004
2.885996e+003,2.468856e-004
2.886237e+003,7.154891e-004
2.886478e+003,3.640305e-004
2.886719e+003,6.837619e-004
2.886960e+003,1.170678e-003
2.887201e+003,1.132605e-003
2.887442e+003,5.377669e-004
2.887684e+003,5.960595e-004
2.887925e+003,1.283140e-004
2.888166e+003,2.332699e-005
2.888407e+003,4.174575e-004
2.888648e+003,5.266866e-004
2.888889e+003,-2.259816e-004
2.889130e+003,-1.594780e-004
2.889371e+003,2.144302e-004
2.889612e+003,5.164359e-004
2.889853e+003,6.366731e-004
2.890094e+003,6.794808e-004
2.890335e+003,1.649394e-004
2.890576e+003,-5.512324e-004
2.890817e+003,-3.945796e-004
2.891058e+003,3.059017e-004
2.891299e+003,5.747919e-004
2.891541e+003,4.730803e-004
2.891781e+003,8.121913e-005
2.892023e+003,4.993851e-004
2.892264e+003,1.201411e-003
2.892505e+003,9.347224e-004
2.892746e+003,6.861845e-004
2.892987e+003,4.680053e-004
2.893228e+003,-3.019449e-004
2.893469e+003,-3.290289e-004
2.893710e+003,-5.897819e-006
2.893951e+003,1.926178e-004
2.894192e+003,3.603496e-004
2.894433e+003,5.577056e-004
2.894674e+003,9.568045e-004
2.894915e+003,7.507037e-004
2.895156e+003,4.533114e-004
2.895397e+003,2.578594e-004
2.895638e+003,-1.809073e-004
2.895880e+003,-1.455997e-004
2.896121e+003,1.697457e-004
2.896362e+003,6.240307e-004
2.896603e+003,6.865163e-004
2.896844e+003,8.838546e-004
2.897085e+003,7.101457e-004
2.897326e+003,6.535966e-004
2.897567e+003,6.809579e-005
2.897808e+003,3.118370e-004
2.898049e+003,7.556161e-004
2.898290e+003,9.095866e-004
2.898531e+003,6.373036e-004
2.898772e+003,3.341196e-004
2.899013e+003,3.061339e-004
2.899254e+003,1.034568e-004
2.899496e+003,-8.633872e-005
2.899737e+003,-7.056977e-005
2.899978e+003,3.601175e-004
2.900219e+003,1.008478e-003
2.900460e+003,6.923240e-004
2.900701e+003,9.201122e-004
2.900942e+003,9.356854e-004
2.901183e+003,9.178875e-004
2.901424e+003,7.159869e-004
2.901665e+003,2.331606e-004
2.901906e+003,4.331453e-004
2.902147e+003,1.137223e-003
2.902388e+003,1.274281e-003
2.902629e+003,7.454595e-004
2.902870e+003,6.234999e-004
2.903112e+003,1.373189e-003
2.903353e+003,1.228158e-003
2.903594e+003,1.942613e-003
2.903835e+003,3.921070e-003
2.904076e+003,4.725748e-003
2.904317e+003,2.312807e-003
2.904558e+003,3.287478e-004
2.904799e+003,-1.296010e-004
2.905040e+003,2.847810e-004
2.905281e+003,6.773570e-004
2.905522e+003,1.489641e-003
2.905763e+003,6.066808e-003
2.906004e+003,1.331415e-002
2.906245e+003,1.388085e-002
2.906486e+003,6.354453e-003
2.906727e+003,2.412385e-003
2.906969e+003,1.559600e-003
2.907209e+003,9.035104e-004
2.907451e+003,6.757972e-004
2.907692e+003,4.346046e-004
2.907933e+003,1.840655e-004
2.908174e+003,3.551764e-004
2.908415e+003,8.370430e-004
2.908656e+003,9.125749e-004
2.908897e+003,3.960992e-004
2.909138e+003,1.786623e-004
2.909379e+003,2.076344e-004
2.909620e+003,4.865808e-004
2.909861e+003,6.771247e-004
2.910102e+003,7.062627e-004
2.910343e+003,7.231889e-004
2.910584e+003,7.677976e-004
2.910825e+003,9.033444e-004
2.911066e+003,7.169494e-004
2.911308e+003,3.110080e-004
2.911549e+003,5.567766e-004
2.911790e+003,9.756666e-004
2.912031e+003,5.532268e-004
2.912272e+003,2.334921e-004
2.912513e+003,-9.978826e-005
2.912754e+003,-8.219777e-005
2.912995e+003,1.719997e-004
2.913236e+003,1.092235e-004
2.913477e+003,-4.804409e-006
2.913718e+003,7.899873e-005
2.913959e+003,8.847179e-004
2.914200e+003,1.134134e-003
2.914441e+003,1.056836e-003
2.914682e+003,1.184067e-003
2.914924e+003,9.810465e-004
2.915165e+003,8.120125e-004
2.915406e+003,4.366279e-004
2.915647e+003,-1.460634e-004
2.915888e+003,-3.028346e-005
2.916129e+003,1.416048e-004
2.916370e+003,3.127654e-004
2.916611e+003,7.659720e-004
2.916852e+003,2.613405e-004
2.917093e+003,-1.756069e-005
2.917334e+003,-3.959700e-004
2.917575e+003,-5.830657e-004
2.917816e+003,-5.927940e-004
2.918057e+003,-8.982620e-004
2.918298e+003,-6.705127e-004
2.918540e+003,4.736774e-004
2.918781e+003,4.820695e-004
2.919021e+003,4.917370e-005
2.919263e+003,1.751819e-004
2.919504e+003,2.345529e-004
2.919745e+003,-3.306843e-004
2.919986e+003,2.445981e-004
2.920227e+003,6.830650e-004
2.920468e+003,4.256496e-004
2.920709e+003,4.794490e-004
2.920950e+003,8.459734e-004
2.921191e+003,9.583321e-004
2.921432e+003,6.867818e-004
2.921673e+003,1.838666e-004
2.921914e+003,-2.606866e-004
2.922155e+003,-1.782577e-004
2.922396e+003,-1.049891e-004
2.922637e+003,2.286188e-004
2.922879e+003,1.240984e-003
2.923120e+003,2.368373e-003
2.923361e+003,5.786001e-003
2.923602e+003,9.291495e-003
2.923843e+003,6.992301e-003
2.924084e+003,2.394659e-003
2.924325e+003,7.081545e-004
2.924566e+003,9.354197e-004
2.924807e+003,1.377676e-003
2.925048e+003,1.768048e-003
2.925289e+003,5.249078e-003
2.925530e+003,1.598088e-002
2.925771e+003,2.566886e-002
2.926012e+003,1.745101e-002
2.926253e+003,5.379758e-003
2.926494e+003,1.348227e-003
2.926736e+003,3.165122e-004
2.926977e+003,5.739293e-004
2.927218e+003,7.723118e-004
2.927459e+003,4.222335e-004
2.927700e+003,3.722879e-004
2.927941e+003,6.360095e-004
2.928182e+003,4.590827e-004
2.928423e+003,1.865516e-004
2.928664e+003,1.633815e-004
2.928905e+003,3.014587e-004
2.929146e+003,6.133463e-004
2.929387e+003,7.655405e-004
2.929628e+003,5.806313e-004
2.929869e+003,6.710849e-004
2.930110e+003,7.227575e-004
2.930352e+003,6.756977e-004
2.930593e+003,8.041783e-004
2.930833e+003,7.996637e-004
2.931075e+003,6.925070e-006
2.931316e+003,-6.389174e-004
2.931557e+003,-6.522505e-004
2.931798e+003,2.374372e-004
2.932039e+003,6.287094e-004
2.932280e+003,2.894228e-004
2.932521e+003,7.137301e-004
2.932762e+003,9.682280e-004
2.933003e+003,1.780823e-003
2.933244e+003,1.643705e-003
2.933485e+003,1.146592e-003
2.933726e+003,6.473581e-004
2.933968e+003,4.862159e-004
2.934208e+003,6.615940e-004
2.934449e+003,4.135108e-004
2.934691e+003,1.013360e-003
2.934932e+003,1.007216e-003
2.935173e+003,7.387550e-004
2.935414e+003,4.661146e-004
2.935655e+003,1.729941e-004
2.935896e+003,1.896675e-004
2.936137e+003,2.561354e-004
2.936378e+003,7.703202e-004
2.936619e+003,8.861124e-004
2.936860e+003,6.486523e-004
2.937101e+003,4.107581e-004
2.937342e+003,7.654077e-004
2.937583e+003,9.863267e-004
2.937824e+003,4.739759e-004
2.938065e+003,6.689611e-004
2.938307e+003,1.539682e-003
2.938548e+003,1.218988e-003
2.938789e+003,7.828341e-004
2.939030e+003,5.460276e-004
2.939271e+003,6.696248e-004
2.939512e+003,5.068489e-004
2.939753e+003,6.619591e-004
2.939994e+003,8.200792e-004
2.940235e+003,3.271562e-004
2.940476e+003,1.416048e-004
2.940717e+003,3.111075e-004
2.940958e+003,3.922854e-004
2.941199e+003,6.143086e-004
2.941440e+003,5.812616e-004
2.941681e+003,-4.280707e-005
2.941922e+003,4.422000e-004
2.942164e+003,2.349817e-003
2.942405e+003,7.786774e-003
2.942646e+003,1.142665e-002
2.942887e+003,7.620027e-003
2.943128e+003,3.269318e-003
2.943369e+003,1.980757e-003
2.943610e+003,1.317451e-003
2.943851e+003,1.415438e-003
2.944092e+003,2.495956e-003
2.944333e+003,7.475593e-003
2.944574e+003,2.195867e-002
2.944815e+003,3.251878e-002
2.945056e+003,1.991191e-002
2.945297e+003,5.556855e-003
2.945538e+003,1.622885e-003
2.945780e+003,1.254276e-003
2.946021e+003,1.316421e-003
2.946261e+003,6.720805e-004
2.946503e+003,6.457985e-004
2.946744e+003,4.681380e-004
2.946985e+003,6.051176e-004
2.947226e+003,7.277690e-004
2.947467e+003,-1.566957e-004
2.947708e+003,-3.356506e-004
2.947949e+003,-1.749442e-005
2.948190e+003,-4.240950e-005
2.948431e+003,-1.255267e-004
2.948672e+003,-3.472309e-005
2.948913e+003,2.219885e-004
2.949154e+003,7.380579e-004
2.949396e+003,1.094104e-003
2.949636e+003,9.756002e-004
2.949877e+003,1.095167e-003
2.950119e+003,1.198321e-003
2.950360e+003,9.922381e-004
2.950601e+003,1.032391e-003
2.950842e+003,1.693565e-003
2.951083e+003,1.000308e-003
2.951324e+003,3.429508e-005
2.951565e+003,6.042549e-004
2.951806e+003,5.271179e-004
2.952047e+003,3.810429e-004
2.952288e+003,3.173081e-004
2.952529e+003,7.458910e-004
2.952770e+003,1.342876e-003
2.953011e+003,1.219087e-003
2.953252e+003,4.373907e-004
2.953493e+003,6.218739e-004
2.953735e+003,1.209119e-003
2.953976e+003,1.087860e-003
2.954217e+003,1.207159e-003
2.954458e+003,1.170611e-003
2.954699e+003,8.467701e-004
2.954940e+003,2.073360e-004
2.955181e+003,5.269852e-004
2.955422e+003,1.060656e-003
2.955663e+003,7.628851e-004
2.955904e+003,1.797894e-004
2.956145e+003,-5.403780e-004
2.956386e+003,2.707135e-005
2.956627e+003,7.837968e-004
2.956868e+003,1.074639e-003
2.957109e+003,8.897314e-004
2.957350e+003,6.464621e-004
2.957592e+003,5.199523e-004
2.957833e+003,1.142671e-003
2.958074e+003,1.361755e-003
2.958315e+003,8.306027e-004
2.958556e+003,2.910475e-004
2.958797e+003,8.075516e-005
2.959038e+003,-3.753924e-005
2.959279e+003,-2.347244e-004
2.959520e+003,-1.336090e-004
2.959761e+003,7.560807e-004
2.960002e+003,1.233574e-003
2.960243e+003,9.859614e-004
2.960484e+003,2.356246e-003
2.960725e+003,7.212537e-003
2.960966e+003,1.095145e-002
2.961208e+003,6.817479e-003
2.961448e+003,1.898050e-003
2.961689e+003,9.052702e-004
2.961931e+003,1.273849e-003
2.962172e+003,1.380734e-003
2.962413e+003,1.036642e-003
2.962654e+003,4.711580e-003
2.962895e+003,1.775103e-002
2.963136e+003,3.191798e-002
2.963377e+003,2.337812e-002
2.963618e+003,6.955264e-003
2.963859e+003,1.433023e-003
2.964100e+003,5.501083e-004
2.964341e+003,3.834970e-004
2.964582e+003,3.460572e-004
2.964823e+003,9.276165e-004
2.965064e+003,1.137589e-003
2.965305e+003,8.209091e-004
2.965547e+003,1.018508e-003
2.965788e+003,1.487114e-003
2.966029e+003,8.967370e-004
2.966270e+003,1.054245e-003
2.966511e+003,1.408989e-003
2.966752e+003,9.826404e-004
2.966993e+003,3.689717e-004
2.967234e+003,1.974834e-005
2.967475e+003,2.147617e-004
2.967716e+003,1.249171e-005
2.967957e+003,-7.269000e-005
2.968198e+003,4.626318e-004
2.968439e+003,8.790073e-004
2.968680e+003,7.730420e-004
2.968921e+003,2.827254e-004
2.969163e+003,2.506651e-004
2.969404e+003,3.492075e-004
2.969645e+003,5.470560e-004
2.969886e+003,3.187612e-005
2.970127e+003,-3.662417e-004
2.970368e+003,2.399567e-004
2.970609e+003,1.317650e-003
2.970850e+003,8.638014e-004
2.971091e+003,4.962669e-004
2.971332e+003,1.154764e-003
2.971573e+003,1.258496e-003
2.971814e+003,1.102708e-003
2.972055e+003,1.083475e-003
2.972296e+003,7.319842e-004
2.972537e+003,3.131964e-004
2.972778e+003,5.699148e-004
2.973020e+003,5.841150e-004
2.973260e+003,7.346062e-004
2.973502e+003,8.236644e-004
2.973743e+003,7.114733e-004
2.973984e+003,4.601442e-004
2.974225e+003,1.996122e-004
2.974466e+003,6.637179e-004
2.974707e+003,8.944793e-004
2.974948e+003,1.041724e-003
2.975189e+003,1.062117e-003
2.975430e+003,8.786421e-004
2.975671e+003,4.320839e-004
2.975912e+003,4.008086e-004
2.976153e+003,6.658417e-004
2.976394e+003,9.906107e-004
2.976635e+003,1.310073e-003
2.976876e+003,1.784635e-004
2.977117e+003,-5.723115e-004
2.977359e+003,1.184041e-004
2.977600e+003,9.581661e-004
2.977841e+003,1.266505e-003
2.978082e+003,8.489944e-004
2.978323e+003,3.979985e-003
2.978564e+003,9.186199e-003
2.978805e+003,8.274361e-003
2.979046e+003,2.576776e-003
2.979287e+003,3.238734e-004
2.979528e+003,5.151753e-004
2.979769e+003,5.745265e-004
2.980010e+003,7.161197e-004
2.980251e+003,2.527016e-003
2.980492e+003,9.050175e-003
2.980733e+003,2.258029e-002
2.980975e+003,2.542045e-002
2.981216e+003,1.133784e-002
2.981457e+003,2.617776e-003
2.981698e+003,1.190779e-003
2.981939e+003,8.574934e-004
2.982180e+003,1.079555e-003
2.982421e+003,5.668956e-004
2.982662e+003,5.198196e-004
2.982903e+003,2.935342e-004
2.983144e+003,3.305384e-004
2.983385e+003,8.995925e-004
2.983626e+003,6.585742e-004
2.983867e+003,3.453940e-004
2.984108e+003,9.025807e-004
2.984349e+003,1.171409e-003
2.984591e+003,9.560740e-004
2.984832e+003,3.291789e-004
2.985073e+003,4.882393e-004
2.985314e+003,1.423083e-003
2.985555e+003,1.690238e-003
2.985796e+003,1.072015e-003
2.986037e+003,5.500751e-004
2.986278e+003,4.108576e-004
2.986519e+003,-4.390038e-005
2.986760e+003,-2.348899e-004
2.987001e+003,6.266099e-005
2.987242e+003,8.658266e-004
2.987483e+003,1.332407e-003
2.987724e+003,1.327587e-003
2.987965e+003,1.102110e-003
2.988206e+003,1.138486e-003
2.988448e+003,8.609462e-004
2.988688e+003,1.101844e-003
2.988930e+003,9.549118e-004
2.989171e+003,8.070995e-004
2.989412e+003,3.245698e-004
2.989653e+003,2.801392e-004
2.989894e+003,5.038633e-004
2.990135e+003,4.062476e-004
2.990376e+003,6.771247e-004
2.990617e+003,1.072547e-003
2.990858e+003,1.699153e-003
2.991099e+003,1.292359e-003
2.991340e+003,1.105897e-003
2.991581e+003,8.910926e-004
2.991822e+003,3.726859e-004
2.992063e+003,4.987880e-004
2.992304e+003,9.915406e-004
2.992545e+003,1.003696e-003
2.992787e+003,2.174469e-004
2.993028e+003,-1.809404e-004
2.993269e+003,-4.557183e-004
2.993510e+003,8.990195e-005
2.993751e+003,4.530128e-004
2.993992e+003,4.240244e-004
2.994233e+003,7.509360e-004
2.994474e+003,1.589399e-004
2.994715e+003,-2.835679e-004
2.994956e+003,6.690606e-004
2.995197e+003,2.265108e-003
2.995438e+003,4.935521e-003
2.995679e+003,6.874432e-003
2.995920e+003,4.332175e-003
2.996161e+003,1.356038e-003
2.996403e+003,1.292725e-003
2.996644e+003,1.613872e-003
2.996885e+003,1.086298e-003
2.997126e+003,6.373036e-004
2.997367e+003,2.364375e-003
2.997608e+003,9.470094e-003
2.997849e+003,1.955619e-002
2.998090e+003,1.704209e-002
2.998331e+003,5.972603e-003
2.998572e+003,1.870130e-003
2.998813e+003,7.949832e-004
2.999054e+003,8.191497e-004
2.999295e+003,7.056653e-004
2.999536e+003,1.251322e-004
2.999777e+003,7.067274e-004
3.000019e+003,1.561894e-003
3.000260e+003,7.251139e-004
3.000500e+003,-2.963491e-004
3.000742e+003,-3.164804e-004
3.000983e+003,-4.433059e-004
3.001224e+003,-1.205249e-004
3.001465e+003,7.465741e-005
3.001706e+003,3.078261e-005
3.001947e+003,-5.834513e-005
3.002188e+003,1.523770e-004
3.002429e+003,1.279498e-003
3.002670e+003,1.610248e-003
3.002911e+003,8.244943e-004
3.003152e+003,1.032579e-004
3.003393e+003,2.080867e-005
3.003634e+003,-1.188687e-004
3.003875e+003,9.785585e-005
3.004116e+003,4.243893e-004
3.004358e+003,9.475067e-004
3.004599e+003,7.117056e-004
3.004840e+003,4.338086e-004
3.005081e+003,6.140763e-004
3.005322e+003,1.495692e-003
3.005563e+003,2.092078e-003
3.005804e+003,1.514145e-003
3.006045e+003,1.030199e-003
3.006286e+003,9.478388e-004
3.006527e+003,7.209653e-004
3.006768e+003,4.208405e-004
3.007009e+003,6.923240e-004
3.007250e+003,3.814077e-004
3.007491e+003,8.970311e-005
3.007732e+003,8.136059e-004
3.007973e+003,6.295721e-004
3.008215e+003,5.344849e-005
3.008456e+003,8.923913e-005
3.008697e+003,4.608075e-004
3.008938e+003,4.931819e-004
3.009179e+003,6.133463e-004
3.009420e+003,1.069856e-003
3.009661e+003,1.250255e-003
3.009902e+003,1.616101e-003
3.010143e+003,1.495226e-003
3.010384e+003,9.781573e-004
3.010625e+003,1.091241e-004
3.010866e+003,-6.596282e-004
3.011107e+003,-1.916712e-004
3.011348e+003,8.488948e-004
3.011589e+003,2.126139e-003
3.011831e+003,4.558064e-003
3.012072e+003,5.604112e-003
3.012313e+003,3.125088e-003
3.012554e+003,1.159017e-003
3.012795e+003,5.789392e-004
3.013036e+003,5.732227e-006
3.013277e+003,2.031164e-005
3.013518e+003,6.457653e-004
3.013759e+003,2.039776e-003
3.014000e+003,6.837944e-003
3.014241e+003,1.283927e-002
3.014482e+003,1.008188e-002
3.014723e+003,3.298730e-003
3.014964e+003,1.320375e-003
3.015205e+003,8.498244e-004
3.015447e+003,1.012164e-003
3.015688e+003,1.112175e-003
3.015928e+003,1.226763e-003
3.016170e+003,1.021464e-003
3.016411e+003,8.397985e-004
3.016652e+003,8.236312e-004
3.016893e+003,7.465548e-004
3.017134e+003,9.513918e-004
3.017375e+003,1.562293e-003
3.017616e+003,1.775534e-003
3.017857e+003,1.010936e-003
3.018098e+003,3.596864e-004
3.018339e+003,6.956095e-004
3.018580e+003,6.278135e-004
3.018821e+003,3.360097e-004
3.019062e+003,9.981162e-004
3.019303e+003,1.365511e-003
3.019544e+003,8.543395e-004
3.019786e+003,6.811402e-004
3.020027e+003,3.138928e-004
3.020268e+003,-2.548585e-004
3.020509e+003,1.137972e-004
3.020750e+003,3.492406e-004
3.020991e+003,1.438041e-005
3.021232e+003,6.242630e-004
3.021473e+003,1.063479e-003
3.021714e+003,7.449284e-004
3.021955e+003,6.901337e-004
3.022196e+003,5.594640e-004
3.022437e+003,-1.030015e-004
3.022678e+003,2.004656e-005
3.022919e+003,6.170626e-004
3.023160e+003,5.000816e-004
3.023401e+003,4.968640e-004
3.023643e+003,5.088060e-004
3.023884e+003,4.318850e-004
3.024125e+003,2.705574e-004
3.024366e+003,4.874101e-004
3.024607e+003,8.743259e-004
3.024848e+003,7.233217e-004
3.025089e+003,1.105033e-003
3.025330e+003,1.756936e-003
3.025571e+003,1.924075e-003
3.025812e+003,1.447451e-003
3.026053e+003,9.191826e-004
3.026294e+003,7.179782e-004
3.026535e+003,1.035446e-003
3.026776e+003,9.074616e-004
3.027017e+003,1.352714e-003
3.027259e+003,1.438143e-003
3.027500e+003,2.152944e-003
3.027741e+003,2.744631e-003
3.027982e+003,1.544470e-003
3.028223e+003,1.249996e-004
3.028464e+003,-1.767673e-004
3.028705e+003,1.411408e-004
3.028946e+003,3.159817e-004
3.029187e+003,6.234999e-004
3.029428e+003,1.373820e-003
3.029669e+003,3.891882e-003
3.029910e+003,7.794904e-003
3.030151e+003,5.962190e-003
3.030392e+003,1.982454e-003
3.030633e+003,1.531435e-003
3.030875e+003,1.206694e-003
3.031115e+003,9.603910e-004
3.031356e+003,1.086332e-003
3.031598e+003,1.157123e-003
3.031839e+003,1.162837e-003
3.032080e+003,1.364082e-003
3.032321e+003,1.084870e-003
3.032562e+003,1.083409e-003
3.032803e+003,7.760958e-004
3.033044e+003,5.142796e-004
3.033285e+003,9.128406e-004
3.033526e+003,1.536223e-003
3.033767e+003,1.941948e-003
3.034008e+003,1.236432e-003
3.034249e+003,7.032094e-004
3.034490e+003,1.448814e-003
3.034731e+003,1.442531e-003
3.034972e+003,7.979707e-004
3.035214e+003,6.313308e-004
3.035455e+003,7.612586e-004
3.035696e+003,1.291828e-003
3.035937e+003,1.409521e-003
3.036178e+003,5.993774e-004
3.036419e+003,-2.560837e-004
3.036660e+003,2.285525e-004
3.036901e+003,5.689526e-004
3.037142e+003,7.172149e-004
3.037383e+003,5.852763e-004
3.037624e+003,7.532262e-004
3.037865e+003,1.205032e-003
3.038106e+003,1.124865e-003
3.038347e+003,7.103781e-004
3.038588e+003,5.608574e-004
3.038829e+003,2.380339e-004
3.039071e+003,-3.149242e-004
3.039312e+003,1.704750e-004
3.039553e+003,1.227394e-003
3.039794e+003,1.041890e-003
3.040035e+003,1.434278e-004
3.040276e+003,2.094576e-004
3.040517e+003,8.233989e-004
3.040758e+003,7.268729e-004
3.040999e+003,5.386295e-004
3.041240e+003,3.918542e-004
3.041481e+003,3.130638e-004
3.041722e+003,9.231670e-004
3.041963e+003,1.147223e-003
3.042204e+003,1.310870e-003
3.042445e+003,2.271969e-003
3.042687e+003,2.803821e-003
3.042927e+003,2.104330e-003
3.043169e+003,1.274979e-003
3.043410e+003,5.706447e-004
3.043651e+003,9.053163e-005
3.043892e+003,6.930873e-004
3.044133e+003,9.528197e-004
3.044374e+003,1.744195e-004
3.044615e+003,9.328297e-004
3.044856e+003,3.608435e-003
3.045097e+003,3.688761e-003
3.045338e+003,1.050060e-003
3.045579e+003,4.425980e-004
3.045820e+003,7.686274e-004
3.046061e+003,2.976125e-004
3.046302e+003,4.463385e-005
3.046543e+003,6.957091e-004
3.046784e+003,7.801454e-004
3.047026e+003,2.870024e-004
3.047267e+003,2.082642e-004
3.047508e+003,4.193812e-004
3.047749e+003,8.133071e-004
3.047990e+003,1.187888e-003
3.048231e+003,1.212076e-003
3.048472e+003,9.656710e-004
3.048713e+003,9.153641e-004
3.048954e+003,9.131062e-004
3.049195e+003,7.358342e-004
3.049436e+003,6.522361e-004
3.049677e+003,1.906951e-004
3.049918e+003,-4.290646e-005
3.050159e+003,2.939984e-004
3.050400e+003,2.293481e-004
3.050642e+003,4.477059e-004
3.050883e+003,1.166591e-003
3.051124e+003,1.333071e-003
3.051365e+003,7.711832e-004
3.051606e+003,1.334844e-004
3.051847e+003,1.355725e-004
3.052088e+003,7.992666e-005
3.052329e+003,7.241846e-004
3.052570e+003,1.042720e-003
3.052811e+003,8.216063e-004
3.053052e+003,7.188412e-004
3.053293e+003,-8.753131e-005
3.053534e+003,5.520482e-005
3.053775e+003,6.986296e-004
3.054016e+003,3.721553e-004
3.054257e+003,5.738629e-004
3.054499e+003,4.972952e-004
3.054740e+003,1.099195e-004
3.054981e+003,2.058774e-004
3.055222e+003,3.833311e-004
3.055463e+003,1.549956e-004
3.055704e+003,9.243625e-004
3.055945e+003,1.339486e-003
3.056186e+003,1.634592e-003
3.056427e+003,1.418097e-003
3.056668e+003,8.544059e-004
3.056909e+003,1.257898e-003
3.057150e+003,1.464340e-003
3.057391e+003,9.881865e-004
3.057632e+003,8.890009e-004
3.057873e+003,8.741267e-004
3.058115e+003,9.799174e-004
3.058355e+003,1.294220e-003
3.058597e+003,1.689906e-003
3.058838e+003,1.541644e-003
3.059079e+003,1.671212e-003
3.059320e+003,2.067940e-003
3.059561e+003,1.663495e-003
3.059802e+003,1.732085e-003
3.060043e+003,1.741633e-003
3.060284e+003,1.168651e-003
3.060525e+003,5.979507e-004
3.060766e+003,5.496106e-004
3.061007e+003,4.383194e-004
3.061248e+003,5.363404e-004
3.061489e+003,6.009369e-004
3.061730e+003,1.163934e-003
3.061971e+003,1.214934e-003
3.062212e+003,9.520892e-004
3.062454e+003,9.310366e-004
3.062695e+003,1.114600e-003
3.062936e+003,8.814973e-004
3.063177e+003,8.221042e-004
3.063418e+003,1.120978e-003
3.063659e+003,6.506433e-004
3.063900e+003,4.604095e-004
3.064141e+003,8.437159e-004
3.064382e+003,1.111544e-003
3.064623e+003,1.261720e-003
3.064864e+003,1.281160e-003
3.065105e+003,8.354495e-004
3.065346e+003,6.130809e-004
3.065587e+003,6.630209e-004
3.065828e+003,1.177057e-003
3.066070e+003,9.862271e-004
3.066311e+003,1.199284e-003
3.066552e+003,1.845173e-003
3.066793e+003,2.008185e-003
3.067034e+003,2.017872e-003
3.067275e+003,1.829001e-003
3.067516e+003,1.330180e-003
3.067757e+003,1.139117e-003
3.067998e+003,1.069391e-003
3.068239e+003,8.231665e-004
3.068480e+003,2.491400e-004
3.068721e+003,7.016496e-004
3.068962e+003,1.013592e-003
3.069203e+003,6.492827e-004
3.069444e+003,3.206570e-004
3.069685e+003,4.209400e-004
3.069927e+003,7.925268e-004
3.070167e+003,8.597178e-004
3.070409e+003,4.470757e-004
3.070650e+003,4.260807e-004
3.070891e+003,9.596272e-004
3.071132e+003,7.248816e-004
3.071373e+003,2.191707e-004
3.071614e+003,6.822685e-004
3.071855e+003,1.102376e-003
3.072096e+003,1.194300e-003
3.072337e+003,1.316952e-003
3.072578e+003,1.706338e-003
3.072819e+003,1.874855e-003
3.073060e+003,1.590094e-003
3.073301e+003,6.836291e-004
3.073542e+003,6.055489e-004
3.073783e+003,1.378075e-003
3.074025e+003,1.301332e-003
3.074266e+003,5.100666e-004
3.074507e+003,2.475818e-004
3.074748e+003,5.944653e-005
3.074989e+003,-2.522093e-004
3.075230e+003,5.881296e-004
3.075471e+003,1.353512e-003
3.075712e+003,1.079688e-003
3.075953e+003,5.077445e-004
3.076194e+003,1.275848e-004
3.076435e+003,8.442138e-004
3.076676e+003,9.875555e-004
3.076917e+003,3.267914e-004
3.077158e+003,8.937488e-004
3.077399e+003,1.375017e-003
3.077640e+003,2.066642e-003
3.077882e+003,2.810958e-003
3.078123e+003,2.317670e-003
3.078364e+003,7.406800e-004
3.078605e+003,5.843804e-004
3.078846e+003,1.880512e-003
3.079087e+003,2.313273e-003
3.079328e+003,2.335192e-003
3.079569e+003,2.473395e-003
3.079810e+003,1.509590e-003
3.080051e+003,8.347523e-004
3.080292e+003,8.732635e-004
3.080533e+003,6.438738e-004
3.080774e+003,-1.023830e-005
3.081015e+003,-1.352652e-004
3.081256e+003,7.566118e-004
3.081498e+003,6.307335e-004
3.081739e+003,7.808425e-004
3.081979e+003,8.488948e-004
3.082221e+003,1.021464e-003
3.082462e+003,1.055408e-003
3.082703e+003,6.134127e-004
3.082944e+003,4.648210e-004
3.083185e+003,2.988061e-004
3.083426e+003,4.655582e-005
3.083667e+003,8.809330e-004
3.083908e+003,1.535259e-003
3.084149e+003,1.175894e-003
3.084390e+003,8.444794e-004
3.084631e+003,1.093905e-003
3.084872e+003,1.308710e-003
3.085113e+003,5.551510e-004
3.085354e+003,5.593976e-004
3.085595e+003,1.246035e-003
3.085837e+003,1.116826e-003
3.086078e+003,6.877774e-004
3.086319e+003,5.755882e-004
3.086560e+003,4.991528e-004
3.086801e+003,8.124772e-004
3.087042e+003,7.774567e-004
3.087283e+003,9.336598e-004
3.087524e+003,8.545719e-004
3.087765e+003,8.397985e-004
3.088006e+003,8.242288e-004
3.088247e+003,7.491769e-004
3.088488e+003,5.664311e-004
3.088729e+003,8.421887e-004
3.088970e+003,6.465617e-004
3.089211e+003,8.066680e-004
3.089453e+003,9.330621e-004
3.089694e+003,6.640165e-004
3.089935e+003,6.362417e-004
3.090176e+003,8.400308e-004
3.090417e+003,7.838963e-004
3.090658e+003,6.435088e-004
3.090899e+003,9.568378e-004
3.091140e+003,1.104801e-003
3.091381e+003,1.435716e-003
3.091622e+003,1.527911e-003
3.091863e+003,1.236864e-003
3.092104e+003,1.305719e-003
3.092345e+003,1.318647e-003
3.092586e+003,1.435649e-003
3.092827e+003,1.174366e-003
3.093068e+003,8.381053e-004
3.093310e+003,7.537573e-004
3.093551e+003,5.389281e-004
3.093792e+003,1.747509e-004
3.094033e+003,1.565534e-004
3.094274e+003,4.357323e-004
3.094515e+003,3.192312e-004
3.094756e+003,6.104928e-004
3.094997e+003,1.632131e-003
3.095238e+003,1.528675e-003
3.095479e+003,9.268196e-004
3.095720e+003,1.522025e-003
3.095961e+003,1.282356e-003
3.096202e+003,9.844338e-004
3.096443e+003,1.107358e-003
3.096684e+003,1.174429e-004
3.096926e+003,7.409403e-005
3.097167e+003,3.531536e-004
3.097407e+003,5.819916e-004
3.097649e+003,6.548244e-004
3.097890e+003,8.398648e-004
3.098131e+003,9.447506e-004
3.098372e+003,8.232660e-004
3.098613e+003,3.678773e-004
3.098854e+003,1.675249e-004
3.099095e+003,3.543806e-004
3.099336e+003,9.003562e-004
3.099577e+003,1.543406e-003
3.099818e+003,1.673075e-003
3.100059e+003,1.303725e-003
3.100300e+003,9.955922e-004
3.100541e+003,1.277937e-003
3.100782e+003,2.090946e-003
3.101023e+003,2.425179e-003
3.101265e+003,1.610813e-003
3.101506e+003,6.171622e-004
3.101747e+003,-1.076723e-004
3.101988e+003,-4.778943e-004
3.102229e+003,-1.061816e-004
3.102470e+003,2.945952e-004
3.102711e+003,3.906603e-004
3.102952e+003,8.480317e-004
3.103193e+003,1.411914e-003
3.103434e+003,1.652253e-003
3.103675e+003,1.446055e-003
3.103916e+003,1.871594e-003
3.104157e+003,1.823245e-003
3.104398e+003,7.561803e-004
3.104639e+003,1.341912e-003
3.104881e+003,2.064877e-003
3.105122e+003,1.944643e-003
3.105363e+003,1.573866e-003
3.105604e+003,8.262206e-004
3.105845e+003,6.043544e-004
3.106086e+003,7.085859e-004
3.106327e+003,7.505046e-004
3.106568e+003,1.078061e-003
3.106809e+003,9.259562e-004
3.107050e+003,7.347389e-004
3.107291e+003,9.447506e-004
3.107532e+003,1.368037e-003
3.107773e+003,1.430596e-003
3.108014e+003,8.765836e-004
3.108255e+003,8.019210e-004
3.108496e+003,7.989666e-004
3.108738e+003,6.024632e-004
3.108979e+003,1.336827e-003
3.109220e+003,1.789773e-003
3.109461e+003,1.128187e-003
3.109702e+003,3.915557e-004
3.109943e+003,4.223661e-004
3.110184e+003,9.062995e-004
3.110425e+003,9.113132e-004
3.110666e+003,5.164027e-004
3.110907e+003,1.017877e-003
3.111148e+003,1.040993e-003
3.111389e+003,1.141618e-004
3.111630e+003,-7.610222e-005
3.111871e+003,8.587882e-004
3.112112e+003,1.131709e-003
3.112354e+003,8.995593e-004
3.112594e+003,6.901005e-004
3.112835e+003,1.562883e-004
3.113077e+003,1.267893e-004
3.113318e+003,5.921775e-004
3.113559e+003,1.298374e-003
3.113800e+003,1.295915e-003
3.114041e+003,9.132722e-004
3.114282e+003,1.544603e-003
3.114523e+003,1.729091e-003
3.114764e+003,1.704575e-003
3.115005e+003,1.453036e-003
3.115246e+003,1.449479e-003
3.115487e+003,1.515941e-003
3.115728e+003,2.584509e-003
3.115969e+003,1.943345e-003
3.116210e+003,1.413277e-003
3.116451e+003,1.853824e-003
3.116693e+003,1.265541e-003
3.116934e+003,5.335205e-004
3.117175e+003,5.303026e-004
3.117416e+003,7.862863e-004
3.117657e+003,7.789836e-004
3.117898e+003,7.278355e-004
3.118139e+003,1.177389e-003
3.118380e+003,1.301332e-003
3.118621e+003,1.378806e-003
3.118862e+003,2.116916e-003
3.119103e+003,2.242160e-003
3.119344e+003,9.502960e-004
3.119585e+003,4.192153e-004
3.119826e+003,8.339224e-004
3.120067e+003,1.433256e-003
3.120309e+003,1.368635e-003
3.120550e+003,8.954753e-004
3.120791e+003,9.407990e-004
3.121032e+003,8.047758e-004
3.121273e+003,8.773804e-004
3.121514e+003,1.244606e-003
3.121755e+003,7.937551e-004
3.121996e+003,7.176464e-004
3.122237e+003,2.697385e-003
3.122478e+003,3.396998e-003
3.122719e+003,1.912893e-003
3.122960e+003,1.018873e-003
3.123201e+003,8.470357e-004
3.123442e+003,9.372793e-004
3.123683e+003,1.726297e-003
3.123924e+003,1.909099e-003
3.124166e+003,1.213572e-003
3.124406e+003,1.549956e-004
3.124648e+003,-4.253652e-004
3.124889e+003,3.864817e-004
3.125130e+003,9.311694e-004
3.125371e+003,6.155695e-004
3.125612e+003,1.249923e-003
3.125853e+003,1.037240e-003
3.126094e+003,9.875066e-005
3.126335e+003,-4.363534e-005
3.126576e+003,3.626377e-004
3.126817e+003,5.429091e-004
3.127058e+003,1.001902e-003
3.127299e+003,1.507395e-003
3.127540e+003,1.338024e-003
3.127781e+003,1.281393e-003
3.128022e+003,1.169881e-003
3.128263e+003,1.104269e-003
3.128505e+003,1.046971e-003
3.128746e+003,6.216416e-004
3.128987e+003,1.465434e-004
3.129228e+003,1.002101e-003
3.129469e+003,1.661932e-003
3.129710e+003,1.418430e-003
3.129951e+003,1.536822e-003
3.130192e+003,1.511153e-003
3.130433e+003,1.348526e-003
