,1492.35,1491.14,1489.93,1488.72,1487.51,1486.3,1485.09,1483.88,1482.67,1481.46,1480.25,1479.04,1477.83,1476.62,1475.41,1474.2,1472.99,1471.78,1470.57,1469.36,1468.15,1466.94,1465.73,1464.52,1463.31,1462.1,1460.89,1459.68,1458.47,1457.26,1456.05,1454.84,1453.63,1452.42,1451.21,1450,1448.79,1447.58,1446.37,1445.16,1443.95,1442.74,1441.53,1440.32,1439.11,1437.9,1436.69,1435.48,1434.27,1433.06,1431.85,1430.64,1429.43,1428.22,1427.01,1425.8,1424.59,1423.38,1422.17,1420.96,1419.75,1418.54,1417.33,1416.12,1414.91,1413.7,1412.49,1411.28,1410.07,1408.86,1407.65,1406.44,1405.23,1404.02,1402.81,1401.6,1400.39,1399.18,1397.97,1396.76,1395.55,1394.34,1393.13,1391.92,1390.71,1389.5,1388.29,1387.08,1385.87,1384.66,1383.45,1382.24,1381.03,1379.82,1378.61,1377.4,1376.19,1374.98,1373.77,1372.56,1371.35,1370.14,1368.93,1367.72,1366.51,1365.3,1364.09,1362.88,1361.67,1360.46,1359.25,1358.04,1356.83,1355.62,1354.41,1353.2,1351.99,1350.78,1349.57,1348.36,1347.15,1345.94,1344.73,1343.52,1342.31,1341.1,1339.89
64.80549954,-3.79353E-05,-1.3091E-06,-0.000144846,2.89182E-05,1.68108E-05,-3.47776E-05,-0.000120822,-0.000134745,-0.000094898,-2.82137E-05,-0.000108931,-2.57345E-05,-2.90875E-05,-6.47086E-05,-0.000142696,-1.33437E-05,-7.73499E-05,-0.000159593,-0.000141145,-0.000142564,-0.00019038,-0.000217527,-0.000154118,-0.000173564,-0.000113147,-0.000145192,-0.000191399,-0.000259064,-0.000124141,-0.000118728,-0.000235081,-0.000157444,-0.000127275,-0.00012865,-0.000287256,-0.000197101,-0.000187256,-0.000194995,-0.000204184,-0.000215546,-0.000188594,-0.000185429,-0.000173668,-0.000186456,-0.000185969,-0.000105706,-0.000214264,-0.000152276,-0.0001754,-0.000205926,-0.000146686,-0.00026043,-0.000215863,-0.000167936,-0.000163275,-0.000278291,-0.000210756,-0.000195459,-0.000190632,-5.35806E-05,-0.000135887,-0.000175985,-0.000217307,-0.00015272,-0.000106299,-0.000107819,-0.000183216,-0.000116551,-0.000144925,-0.000178806,-0.000108149,-0.000131664,-5.99653E-05,-0.000122185,-0.000225961,-0.000161074,-0.000175953,-0.000131098,-0.000127217,-2.20108E-05,-0.000104794,-0.000160921,-0.000105038,-8.55358E-05,-0.00026785,-0.000125606,-0.000193448,-0.000172355,-5.55279E-05,-1.7683E-06,-0.00018632,-0.000126251,-0.000208029,-6.31062E-05,-7.20667E-05,-0.000181972,-9.06885E-05,-9.85614E-05,-0.000046615,-0.000188362,-4.79799E-05,-0.000197975,-0.000116935,-0.000206134,-5.83398E-05,-0.000032718,-8.47858E-05,-1.3996E-06,-3.91283E-05,-0.000051403,-7.85486E-05,-0.000120156,3.53793E-05,-0.000140506,-0.000134773,-0.000273105,-0.000002168,-0.000205938,-0.000239646,-2.13021E-05,-0.000107878,-0.000266731,-0.000102938,-4.80699E-05,-0.000136424,-0.000143604,-0.000105165
64.81550647,-7.20385E-05,5.46323E-05,-7.13358E-05,-4.90534E-05,-2.68099E-05,-5.93465E-05,-0.000123166,-7.92665E-05,1.559E-07,-0.000123235,-2.93637E-05,-2.19984E-05,7.90176E-05,7.35718E-05,-4.84781E-05,-3.39825E-05,3.97287E-05,8.9404E-06,1.40861E-05,3.52644E-05,0.000067568,0.000126097,0.000124742,3.82916E-05,3.18435E-05,0.000121787,7.98469E-05,0.000145606,9.87867E-05,0.000132044,1.98093E-05,7.45883E-05,0.000184285,-0.000038551,0.000244881,7.17489E-05,0.000041145,2.65996E-05,4.52694E-05,5.32571E-05,0.000207493,3.69421E-05,-7.01992E-05,-0.000104317,2.58695E-05,0.000024228,-2.64521E-05,5.02938E-05,0.000126629,-4.2886E-06,-5.13278E-05,4.91726E-05,9.38719E-05,0.000026601,9.21986E-05,1.39408E-05,2.04953E-05,4.52575E-05,-3.51188E-05,-0.00009979,-4.81919E-05,-3.51859E-05,-7.38903E-05,-4.30395E-05,-7.6399E-06,-4.31926E-05,-0.000145731,-0.000192139,-0.000124398,-5.35543E-05,-0.000144564,-0.000121401,-4.52319E-05,5.82585E-05,3.99799E-05,2.83268E-05,0.000182874,6.72895E-05,2.8932E-06,6.89762E-05,0.000174391,6.80664E-05,9.07058E-05,-0.000107821,4.68661E-05,0.00017606,7.17413E-05,7.09877E-05,0.000080672,2.3774E-06,-5.27102E-05,2.58622E-05,0.000077987,2.76611E-05,-4.82876E-05,-9.10789E-05,-0.000042273,-3.88528E-05,-2.03398E-05,-8.23279E-05,-5.34277E-05,-0.000113504,-0.000154407,-5.94651E-05,-4.23471E-05,-5.91566E-05,-5.72172E-05,-5.25837E-05,6.11171E-05,2.04345E-05,5.7601E-06,-4.69415E-05,0.000108892,-4.68272E-05,-0.0001004,5.57234E-05,0.000063916,-1.3281E-06,-9.0884E-06,0.000036586,5.4534E-06,-0.000188861,-2.43292E-05,5.99037E-05,-7.70215E-05,5.32804E-05,-2.27212E-05
64.82544668,-0.000170802,-0.000239004,-0.000138229,-0.000228955,-0.000206497,-0.000121679,-0.000104172,-0.000126745,-0.000227846,-0.000223011,-0.000202446,-0.000211623,-0.000108441,-0.000242138,-0.000115355,-0.000259529,-0.000215676,-0.000168253,-0.000156933,-0.000137466,-0.000205091,-0.000190334,-8.76564E-05,-0.000130493,-0.000104136,-3.26573E-05,-0.000205797,-0.000039257,-0.000200578,-0.00012879,-0.000138626,-0.000273645,-0.000326107,-0.000204931,-9.8311E-06,-0.000107632,-0.000308124,-0.000255015,-0.000259844,-0.000319604,-8.60348E-05,-0.000250109,-0.000277083,-0.000204953,-0.00035005,-0.000231857,-0.000126778,-0.000242516,-0.000226007,-0.000173381,-0.000294887,-0.000266168,-0.000286737,-0.000232869,-0.000273618,-0.000225401,-0.000315343,-0.000263487,-0.00037507,-0.000401313,-0.000326115,-0.000295511,-0.000326937,-0.000395251,-0.000236654,-0.000257412,-0.000209616,-0.000344508,-0.000232536,-0.000214926,-0.000214793,-0.000261961,-0.000342986,-0.000181477,-0.000270822,-0.000294855,-0.000226066,-0.000261087,-0.000319026,-0.00020575,-0.000266032,-0.000166838,-0.000121806,-0.000213776,-9.08111E-05,-0.000213032,-0.000153719,-0.000101783,-0.000273342,-0.000257458,-0.00022606,-0.000282318,-0.000240646,-0.00015301,-0.000100961,-0.000241403,-0.000240144,-0.00019781,-0.000131777,-0.000232174,-0.000212444,-0.000241406,-0.000235861,-0.000200559,-0.000211158,-0.00019581,-0.000206513,-0.000190066,-0.000185928,-0.000225132,-0.000200361,-0.000277043,-0.000193355,-0.000201443,-0.000158021,-6.3872E-06,-0.000271098,-0.000252536,-0.000221825,-0.000182073,-0.000220542,-0.00030522,-0.00017334,-0.000200778,-0.000221774,-0.000148764,-0.000150727
64.83538689,-1.36351E-05,-4.8142E-06,1.42401E-05,4.89425E-05,4.60256E-05,7.07185E-05,5.55247E-05,0.000133373,2.86759E-05,-2.58443E-05,-5.9809E-06,-4.0288E-06,-6.07091E-05,-9.9353E-06,0.000053028,1.52442E-05,7.85871E-05,-6.60032E-05,-2.43746E-05,2.88282E-05,0.000052821,-1.12024E-05,-3.15648E-05,1.17797E-05,-8.3965E-06,-9.49166E-05,-7.56536E-05,-8.4888E-06,3.48572E-05,-4.67698E-05,-2.75773E-05,1.51128E-05,-5.74572E-05,-1.48511E-05,-3.15511E-05,7.05854E-05,-9.27647E-05,8.1946E-06,-7.27285E-05,4.52597E-05,1.48052E-05,-0.000147868,-4.10872E-05,-3.14725E-05,-1.88552E-05,-0.000077775,-0.000102902,3.56047E-05,-0.000177832,-3.06305E-05,-1.36828E-05,-4.1932E-06,3.13796E-05,-0.000139116,-0.000145097,2.36595E-05,-9.55395E-05,2.1053E-06,-4.78917E-05,8.1751E-06,-6.24905E-05,1.89316E-05,4.17245E-05,-2.1364E-06,-6.42759E-05,-5.52869E-05,-3.06925E-05,-5.64233E-05,-1.8737E-06,-9.24074E-05,-6.6888E-06,2.46054E-05,6.02206E-05,-4.6797E-06,-0.000136044,3.87755E-05,4.10219E-05,-1.12638E-05,3.6317E-06,4.24264E-05,-9.30962E-05,-6.99309E-05,-1.94647E-05,-2.67002E-05,-0.000115898,-7.12447E-05,-8.03637E-05,6.01514E-05,-4.334E-07,0.000114985,-0.000003327,0.000135795,1.241E-07,-1.17977E-05,7.1908E-06,-1.66446E-05,-4.83345E-05,-0.000158489,-4.23998E-05,-6.33775E-05,-1.11086E-05,-6.70834E-05,-2.24875E-05,1.71355E-05,-0.000082125,-1.20092E-05,8.8736E-06,0.000120999,1.87151E-05,5.04676E-05,2.08884E-05,0.000031247,-3.26478E-05,-1.71303E-05,3.73093E-05,4.5495E-06,1.61322E-05,-1.39749E-05,-4.0633E-06,8.43792E-05,-7.11135E-05,8.6757E-06,-1.38023E-05,3.05476E-05,7.7495E-06,-1.17127E-05,-6.21576E-05
64.8453271,8.01298E-05,0.000125043,0.000126937,0.000112332,0.000106583,0.000183153,5.71852E-05,1.84735E-05,0.000103468,4.76567E-05,6.49319E-05,6.51059E-05,0.000159043,2.07145E-05,0.000133166,2.70716E-05,4.3986E-06,5.80745E-05,3.20347E-05,7.17161E-05,4.5736E-06,0.000076035,8.19037E-05,6.56598E-05,4.03171E-05,5.48353E-05,0.000109638,6.37558E-05,-5.42459E-05,8.81177E-05,0.000200839,3.93755E-05,0.000142235,0.000194945,0.000106541,7.44625E-05,0.000134639,0.000130461,5.90439E-05,1.37321E-05,5.40919E-05,8.65457E-05,2.09457E-05,2.5125E-06,-2.92935E-05,5.23734E-05,9.61165E-05,0.00012433,5.95355E-05,0.000104822,8.37368E-05,0.000183281,0.000254833,7.69066E-05,0.000168705,0.000100367,-1.20808E-05,0.000144478,0.000102,0.000122321,2.39358E-05,0.000191087,0.000127554,3.8461E-06,-4.07037E-05,0.000113944,0.000141085,0.000116037,0.000120834,0.000113794,6.25024E-05,0.000102591,0.000122104,8.82024E-05,-1.70034E-05,9.01668E-05,7.37386E-05,4.03493E-05,0.000123577,6.60858E-05,7.79999E-05,8.85434E-05,0.000057465,2.52627E-05,0.00016878,4.30198E-05,0.000168463,4.05103E-05,7.87569E-05,9.68951E-05,0.000110078,7.02682E-05,4.49175E-05,0.00010241,0.000158181,0.000105602,8.99405E-05,1.11889E-05,6.64608E-05,2.70346E-05,0.000072413,6.42261E-05,9.13284E-05,-2.04706E-05,6.43834E-05,6.10331E-05,2.78999E-05,0.000148181,6.45169E-05,0.000063461,0.000108302,4.56357E-05,4.67945E-05,0.000076675,7.68869E-05,0.000117109,0.000196361,0.000124671,0.000116576,6.3074E-06,0.000155879,7.34158E-05,4.59154E-05,2.47182E-05,5.38076E-05,0.000155784,0.000133798
64.85526731,6.63457E-05,0.000166099,7.28929E-05,6.43087E-05,9.69884E-05,0.000112486,0.000103982,9.70248E-05,0.000116411,0.000111298,0.000179105,5.93116E-05,0.000215967,0.0001525,0.000195479,0.000146257,0.000100196,0.000168719,0.000167614,0.000185488,0.000128504,0.00012196,0.000183824,0.000132881,3.75832E-05,0.000204734,0.000213179,0.000185599,0.00016101,0.000195519,0.000156795,0.00017136,0.000149462,0.00023482,0.000161086,0.000178587,6.68206E-05,0.000082229,0.000268637,0.000153388,0.000126431,0.000165249,0.000283868,0.000209383,0.000142853,0.000124857,0.000177374,0.000228588,7.42302E-05,0.000144686,0.000172617,0.000212863,0.000185467,0.000184603,0.000224195,0.00009903,7.51861E-05,0.000130525,0.000329598,0.000170954,0.000154546,0.000138431,0.000220947,0.00018759,0.000138777,0.000189209,0.000237206,0.00017917,8.43694E-05,7.35329E-05,0.000284178,0.000165776,0.000222563,0.000108734,0.000224299,9.89212E-05,0.000157352,0.000194721,0.000265397,0.000118288,0.000141576,0.000167649,0.000176734,0.000105148,0.000240688,0.000121239,0.000228141,0.000219849,0.000191806,0.000226112,0.000237235,0.00013019,0.0001429,0.000110482,0.000157161,0.000152266,0.00019051,0.000152915,0.000196744,0.00014925,0.00020085,0.000139647,0.000193258,0.000104677,8.55525E-05,0.000122165,0.000245617,0.000214122,5.03793E-05,0.000227977,0.000180093,0.000204863,0.000103301,0.000202982,0.000213892,0.000192343,9.74098E-05,0.000168108,0.000322949,0.000107581,0.000155909,0.000214389,0.000253141,0.000155122,0.000152934,0.00019352,0.00017608
64.86527423,-3.93568E-05,-2.13203E-05,-4.23687E-05,-1.98428E-05,-7.65979E-05,-9.35214E-05,-7.47205E-05,-0.000092072,-3.97557E-05,-8.67343E-05,-0.000073803,-4.29234E-05,1.94499E-05,-3.67171E-05,7.0964E-06,2.46955E-05,-0.000046291,-8.58446E-05,-4.37287E-05,-3.05192E-05,6.21701E-05,-2.03807E-05,-1.30187E-05,-5.44919E-05,0.000101979,-1.81051E-05,-1.3979E-06,3.34845E-05,9.97164E-05,1.09968E-05,-0.000080466,4.82135E-05,-2.04045E-05,-6.72681E-05,0.000161569,0.000045853,-8.01194E-05,1.80246E-05,-0.000109584,1.28157E-05,3.19961E-05,-0.000108631,-4.87363E-05,-4.84315E-05,2.35757E-05,-6.74871E-05,-8.63372E-05,0.000012788,9.9862E-06,1.48943E-05,-0.000039845,2.97613E-05,0.000120839,-8.97878E-05,-0.000067422,-6.04983E-05,2.67346E-05,0.000023544,-1.49352E-05,-9.83818E-05,2.9434E-06,-1.22837E-05,-5.68296E-05,-3.38791E-05,-9.30849E-05,-8.19262E-05,-0.000117525,-1.69047E-05,-2.70391E-05,-1.89105E-05,-6.84535E-05,2.30037E-05,6.6065E-06,-7.99962E-05,3.40894E-05,3.21285E-05,-4.18293E-05,-9.59995E-05,-5.64442E-05,5.46133E-05,-3.63312E-05,-0.000120253,1.51452E-05,-6.85589E-05,-0.000109924,-6.74127E-05,-1.94433E-05,-0.000022747,-7.09142E-05,4.62259E-05,-3.12253E-05,3.52865E-05,1.37552E-05,4.25208E-05,5.90836E-05,-1.21031E-05,-1.72318E-05,-0.000114105,-5.67248E-05,-0.000128744,-9.30508E-05,-9.45938E-05,-0.000107455,-9.5555E-06,-1.85831E-05,-7.50138E-05,-8.19347E-05,-0.000052101,-2.17065E-05,-2.78053E-05,-8.26782E-05,-8.87476E-05,-4.51143E-05,-4.60242E-05,-2.11744E-05,3.58243E-05,-2.86527E-05,-0.000092886,-8.07994E-05,-3.08443E-05,-0.000060171,-8.08591E-05,-0.000102543,4.63346E-05,-5.82698E-05,-3.84708E-05,-9.78678E-05
64.87521444,0.000067916,-2.37781E-05,-5.2901E-06,1.6119E-06,-2.41875E-05,6.65473E-05,3.66933E-05,-1.61279E-05,3.63213E-05,-3.39942E-05,-4.24368E-05,-3.19422E-05,0.000117365,-1.44746E-05,7.62375E-05,2.89944E-05,-5.55576E-05,-1.19363E-05,-0.000005172,-0.000004098,0.000131818,-3.55616E-05,0.000026135,-1.05914E-05,0.000110407,0.000187014,0.000135821,0.000104319,0.000146689,8.36165E-05,5.78655E-05,0.000100137,0.00015953,-0.000053351,0.000296334,0.000107321,0.000129009,-2.604E-07,2.80723E-05,2.73914E-05,0.000383736,9.63049E-05,-2.69272E-05,-2.45442E-05,0.000151961,5.15478E-05,2.68872E-05,0.000120879,0.000141558,0.000157805,6.21845E-05,0.000170991,0.000198874,3.76882E-05,4.63759E-05,3.45158E-05,0.000181142,0.000152253,-1.0303E-06,-5.16232E-05,-1.70587E-05,-2.39665E-05,-6.50115E-05,2.14806E-05,-7.7359E-06,-6.45772E-05,-0.00005462,-0.000171043,-3.31766E-05,-0.000158373,-6.6164E-06,-3.36185E-05,7.81913E-05,-1.85759E-05,0.000195481,-1.4626E-06,0.00017899,0.000119555,7.86279E-05,-3.48557E-05,8.79455E-05,9.61769E-05,0.000175175,8.7041E-06,0.000227959,0.000125851,0.000068054,-3.402E-07,0.000219806,0.00014283,0.000135428,1.1824E-06,1.23215E-05,0.000114835,7.08105E-05,-1.25686E-05,4.00217E-05,-2.26381E-05,-1.18611E-05,-3.19475E-05,-2.36462E-05,7.373E-07,-1.59658E-05,1.27648E-05,0.000091609,6.04862E-05,7.85519E-05,3.33636E-05,0.000269386,7.50513E-05,0.000101977,6.57304E-05,0.00013076,6.18778E-05,0.00000672,0.000297035,0.00014483,0.000136261,0.000156065,9.89615E-05,0.000170759,-0.000102919,2.79123E-05,4.42576E-05,8.39413E-05,0.000121419,-2.44273E-05
64.88515465,-8.78394E-05,-2.70929E-05,-0.000091913,-3.13251E-05,-0.000041738,-0.000003843,-0.000101262,-0.000114543,-0.000112555,-0.000127214,-9.78845E-05,-0.000084986,-4.40305E-05,-0.000152055,-0.000190211,-0.000114557,-0.00021416,3.8504E-06,-9.79844E-05,-5.63342E-05,1.1891E-06,-0.000107335,-3.29371E-05,-0.000012468,-5.67007E-05,-9.42598E-05,-3.08742E-05,4.18805E-05,-5.46862E-05,-5.05092E-05,-0.00012818,-0.00001296,-3.34113E-05,-6.14077E-05,-3.77584E-05,-3.74263E-05,-7.35697E-05,-7.70952E-05,-9.46992E-05,-0.000052544,7.32712E-05,-0.000134938,-0.000190851,-7.80484E-05,-5.74417E-05,-0.000123544,-9.15701E-05,-2.87032E-05,-3.00836E-05,-5.72534E-05,-0.000102244,-5.13527E-05,1.19672E-05,-0.000193588,-0.000139523,-5.15918E-05,-3.15811E-05,-0.000165022,-0.00012079,-0.000110533,-0.000137716,-8.89137E-05,-0.000165738,-0.000139936,-0.000117304,-0.000100897,-0.000154649,-0.000160173,-0.000131693,-4.72215E-05,-5.72095E-05,-6.74159E-05,-0.000131445,-0.000109299,1.4887E-06,-8.00345E-05,5.831E-07,-0.000118918,-3.84257E-05,-9.30421E-05,-6.92442E-05,-4.50219E-05,-0.000177421,-0.000123829,-0.000130068,-2.42336E-05,-6.57874E-05,3.3831E-06,3.03759E-05,-0.000189187,-5.77425E-05,-2.17661E-05,-7.3953E-06,-0.000169637,-9.86313E-05,6.5736E-06,-0.0001197,-0.000117957,-1.42271E-05,-6.79979E-05,-8.05967E-05,-5.8515E-06,-6.10803E-05,-0.00014628,-0.000113744,-2.60916E-05,-2.94039E-05,-0.000102704,-4.99746E-05,-5.25384E-05,-0.000142109,-6.68762E-05,6.8536E-06,-8.32243E-05,-0.0001262,1.87652E-05,-0.00012755,-6.97571E-05,-4.53043E-05,-5.15114E-05,-8.66308E-05,-0.000186765,-8.94803E-05,-0.000126173,-7.15671E-05,-5.23928E-05,-0.000121996
64.89509486,-6.13843E-05,-9.77524E-05,-0.000130441,-8.80882E-05,-7.60141E-05,-0.000116126,-0.000135077,7.3011E-06,4.34449E-05,-3.72235E-05,-0.000173865,-5.55632E-05,7.18411E-05,-2.4769E-06,-0.000101211,-3.41658E-05,-1.7223E-06,-0.000148201,-3.96035E-05,1.33947E-05,2.56327E-05,-0.000203532,-0.000138953,-9.55848E-05,-8.8683E-06,-0.000114738,-0.000123709,3.53791E-05,-7.9148E-06,0.000002926,-0.00010975,-1.37501E-05,-1.51967E-05,-0.000190333,-3.79738E-05,1.4935E-06,1.44124E-05,-0.00012259,-0.000204545,-8.61508E-05,0.000110494,-0.000159653,-0.000221333,-8.63384E-05,-4.75883E-05,-3.79645E-05,-0.000155938,-1.43495E-05,1.90554E-05,-0.000172938,-0.000158765,-0.000154487,-4.21519E-05,-0.000140586,-0.000250762,-0.000127937,1.17559E-05,-0.000157915,-0.000209556,-0.000140588,-0.000121754,-0.000169454,-0.000121536,-0.000145833,-3.14499E-05,-0.000232348,-0.000187001,-0.000193419,3.8751E-06,-0.000262882,-0.000142624,-9.97581E-05,-4.64257E-05,-0.000156743,-0.000110541,-0.000114461,1.24038E-05,-0.000132104,-0.000122302,-8.75083E-05,-0.00005683,-8.70147E-05,-3.01291E-05,2.37046E-05,-1.02141E-05,-0.000143265,-0.000149693,-6.88736E-05,-1.48261E-05,-0.000177949,-7.86035E-05,-8.77741E-05,-1.92603E-05,-4.63924E-05,-0.000135197,-9.56363E-05,-8.25109E-05,-0.000247015,-0.000151455,-0.000165086,-8.04368E-05,-0.000258783,-0.000180366,-0.000126202,-2.24301E-05,-0.000199548,-0.000122528,-0.000101214,-4.21178E-05,-0.00010778,1.65562E-05,-2.87188E-05,-0.000080115,-0.000183707,-5.24746E-05,-1.55528E-05,-5.95517E-05,-0.000121402,-9.42927E-05,-4.50855E-05,-0.000101145,-0.000274686,-0.000199518,-3.74819E-05,2.7203E-06,-0.000196651,-0.000195992
64.90530192,-1.21113E-05,0.00000897,6.26089E-05,2.41884E-05,-3.05315E-05,4.96571E-05,6.16132E-05,6.50919E-05,5.38443E-05,-3.6104E-06,7.97474E-05,-0.000008441,6.81105E-05,-3.80069E-05,4.94486E-05,0.000031804,-6.1051E-06,5.43736E-05,5.87655E-05,0.000126216,9.61426E-05,0.000141052,3.94984E-05,9.60194E-05,0.000116408,6.52124E-05,0.000159957,0.000149431,7.95582E-05,2.77321E-05,0.00011585,0.000107683,0.000189002,-2.90595E-05,0.000226362,0.000165733,5.7404E-06,3.33142E-05,0.000143671,0.000131848,0.000148014,-5.91876E-05,0.000105222,5.33998E-05,-6.14E-08,3.49774E-05,0.000111483,5.85259E-05,7.03573E-05,3.11172E-05,6.36237E-05,0.000168593,2.03597E-05,-3.40249E-05,8.51021E-05,0.000107248,2.45229E-05,3.42816E-05,0.000132307,-5.34034E-05,-0.000129325,-8.85482E-05,5.37242E-05,1.819E-07,-6.14771E-05,-3.96754E-05,-1.61271E-05,-1.30715E-05,6.15047E-05,-2.20205E-05,0.000111232,1.84017E-05,5.78832E-05,0.000122201,0.000205213,4.62537E-05,0.000133934,0.00010645,0.00012041,6.61587E-05,5.07052E-05,0.000176833,0.000130902,0.000151802,2.16609E-05,0.000161825,2.54791E-05,3.61184E-05,0.000105577,0.000200299,0.000192171,0.000108823,3.79344E-05,7.66685E-05,7.75319E-05,9.53146E-05,-7.73412E-05,0.000073698,2.18348E-05,0.000126543,-0.000038635,0.00009955,9.31184E-05,-1.6621E-06,9.71923E-05,0.000118301,0.000153766,9.25201E-05,0.000103273,0.000073849,0.000122931,0.000117418,6.68791E-05,0.00011762,0.000120637,0.000185531,7.19454E-05,0.000134384,0.000169735,0.000113656,0.000086553,3.69272E-05,8.24616E-05,0.000114979,6.61389E-05,0.000148251,8.18923E-05
64.91524213,0.000123145,-5.6508E-06,9.09731E-05,0.00011646,-6.3437E-06,-1.1513E-06,7.52675E-05,0.000105192,4.32158E-05,0.000008028,-4.16876E-05,0.000118682,9.96891E-05,-3.5547E-06,6.43558E-05,0.000179393,3.59092E-05,0.000116362,0.000127454,0.000181174,0.000313328,0.000137927,0.000179522,0.000224995,0.000206802,0.000185824,0.000177556,0.000277808,0.000256328,0.000137009,0.000117332,0.000256783,0.000271628,4.86635E-05,0.000415236,0.000317923,0.000322464,1.58368E-05,0.000146198,0.000192076,0.000637577,0.000131473,0.000124323,0.000127261,0.000058547,0.000205813,0.000108975,0.000277679,0.000215529,0.000159719,0.000186768,0.000299766,0.000219169,0.00013783,0.000122989,0.000322439,0.00020511,0.000114927,7.04911E-05,4.12134E-05,1.01853E-05,-2.0646E-06,0.000121776,5.81569E-05,0.000041767,-4.18576E-05,0.000105756,-0.00005402,2.33674E-05,2.09004E-05,-7.04649E-05,0.000113091,0.000126844,5.87351E-05,0.000158252,9.06405E-05,0.000290343,0.000154914,0.000186358,0.000124947,0.00030939,0.000192496,0.000268298,0.000125656,0.000278105,0.000254095,0.000217341,0.000189528,0.00024958,0.000214936,0.000184595,0.000156585,0.000248856,0.000150036,0.000189441,0.000194815,0.000154289,1.3487E-06,7.48297E-05,0.000152743,8.41207E-05,-4.70653E-05,-6.00009E-05,0.000022046,0.000102662,-1.22456E-05,0.00014896,0.000217931,0.000314678,0.000073632,0.000127959,0.000108168,0.000173843,9.15017E-05,0.000225409,0.000323245,0.000218124,0.000139444,0.000153135,0.000275053,0.000192116,-4.63919E-05,0.000103442,0.000211448,0.000190019,6.62831E-05,9.28904E-05
64.92518234,-0.000222175,-0.000141053,-0.000118078,-0.000110364,-6.79869E-05,-0.000170363,-2.26899E-05,-0.000110502,-0.000206352,-0.000108013,-6.99862E-05,-0.000169257,-0.000199055,-0.000171702,-0.000113807,-6.91366E-05,-0.000112546,-0.000251779,-0.000309349,-0.000085834,-0.000258479,-0.000375387,-0.00013084,-0.000170622,-0.000386063,-0.000371981,-0.000316833,-0.000333432,-0.000314925,-0.000358037,-0.000308733,-0.00025992,-0.000328954,-0.00026453,-0.000518488,-0.000252974,-0.000360138,-0.000336667,-0.000282198,-0.000162377,-0.000483492,-0.00040327,-0.000318435,-0.000181917,-0.000341994,-0.000327682,-0.000237484,-0.000240132,-0.000408684,-0.000347363,-0.000321002,-0.000316947,-0.000381044,-0.000434734,-0.000323659,-0.000337338,-0.000302519,-0.000348873,-0.000211858,-0.000103149,-0.000295847,-0.000359185,-0.000143746,-0.000134472,-0.00016254,-0.000232228,-0.000260348,-0.000113492,-0.000164574,-0.000169092,-0.000140835,-0.00016873,-0.000209931,-0.0002733,-0.000399988,-0.000100265,-0.000377295,-0.000280844,-0.000249542,-0.000149964,-0.000247132,-0.000325608,-0.000276546,-0.000137976,-0.000288724,-0.000255573,-0.0002634,-0.000285335,-0.000321369,-0.00033626,-0.000280206,-0.000207886,-0.000344081,-0.00035354,-0.000275688,-0.000196663,-0.000253091,-0.000200963,-0.000212983,-0.000111875,-0.000224582,-0.00016612,-0.00013375,-8.28575E-05,-0.000228901,-0.000221877,-0.000170528,-0.000159254,-0.000287884,-0.000175579,-0.000213263,-0.000152341,-0.000213047,-0.000358133,-0.00024842,-0.00025831,-0.000213682,-0.000371015,-0.000306541,-0.000237779,-0.000289554,-0.000292317,-0.000173615,-0.000204286,-0.000389793,-0.000361113,-0.000197451
64.93512255,3.09747E-05,7.20685E-05,0.000080542,2.19177E-05,4.36909E-05,8.5864E-06,1.55934E-05,-2.31197E-05,1.96977E-05,2.21872E-05,4.84045E-05,0.000027644,-1.21324E-05,3.21157E-05,9.25294E-05,6.56235E-05,4.54236E-05,3.49177E-05,7.7512E-06,-5.07322E-05,4.90807E-05,-7.9424E-06,1.48886E-05,0.000100608,1.43745E-05,6.50921E-05,-3.2183E-06,3.42944E-05,1.36617E-05,-3.10436E-05,-8.10771E-05,-7.57167E-05,-0.000139236,1.44834E-05,1.61394E-05,-9.04352E-05,-0.000152095,-6.1255E-06,5.27445E-05,-9.38167E-05,-0.000075324,7.12625E-05,2.59767E-05,-3.25708E-05,-6.44508E-05,-0.000071055,2.39405E-05,-8.66963E-05,-8.15281E-05,-3.20751E-05,1.36199E-05,-4.86169E-05,6.09426E-05,0.000022467,2.75211E-05,-1.34956E-05,-0.000164355,-3.64013E-05,3.38014E-05,-8.76001E-05,3.56803E-05,-5.45305E-05,-9.06867E-05,-9.69182E-05,4.18927E-05,-3.30478E-05,-4.10131E-05,-9.9067E-06,-2.55482E-05,1.6135E-06,-6.56722E-05,-0.000110837,-3.16771E-05,3.88838E-05,-1.60119E-05,-7.5837E-06,-6.28539E-05,6.9499E-06,-3.70723E-05,1.40487E-05,-0.000031151,1.61159E-05,6.63712E-05,8.2199E-06,-0.00002455,9.2626E-06,2.84817E-05,-0.0001122,-7.51392E-05,2.30904E-05,9.96242E-05,-4.77264E-05,2.25829E-05,-3.00225E-05,3.15048E-05,-0.000143422,5.9217E-06,3.80151E-05,1.18588E-05,-0.000123631,1.17427E-05,-7.38873E-05,-5.47427E-05,-0.000155291,1.82299E-05,1.84341E-05,-0.000026402,2.77147E-05,-0.000018289,-6.93272E-05,1.3981E-06,-0.000109309,-3.20395E-05,-0.000058751,0.000101387,-6.28595E-05,-3.39486E-05,3.78407E-05,-5.84676E-05,3.04687E-05,-8.20834E-05,8.71025E-05,-3.23185E-05,-6.67493E-05,-3.40479E-05,1.46024E-05,-2.39459E-05
64.94512947,-0.000161993,-3.17788E-05,-0.000131234,-0.000190167,-0.000146844,-0.000123166,-0.000160256,-0.000156414,-0.000182617,-9.95585E-05,-0.000196694,-6.45752E-05,-0.000102812,-0.000228787,-0.000115453,-0.00015034,-8.55499E-05,-0.00013817,-0.000142371,-0.000129811,-0.000141857,-0.000173748,-0.000293619,-0.000248925,-0.000176866,-0.000225794,-0.000280775,-0.00016034,-0.000186309,-0.000151751,-0.000266733,-0.000250078,-0.000247842,-0.0002532,-0.000214596,-0.000216736,-0.000122891,-0.000283608,-0.000273945,-0.000198076,-0.000427104,-0.000336766,-0.000180013,-0.000243144,-0.000119547,-0.000348552,-0.000280055,-0.000189321,-0.000308553,-0.000320728,-0.000198969,-0.000234628,-0.000211624,-0.000259498,-0.000287424,-0.000324049,-0.000298018,-0.000309322,-0.000245907,-0.00018879,-0.000167986,-0.000197712,-0.00019521,-0.000185383,-0.000229156,-0.00018141,-0.00031438,-0.000138708,-0.000275382,-0.000224913,-0.000153952,-0.000221303,-0.00028385,-0.000246129,-0.000104737,-0.000224806,-0.00018471,-0.000277065,-0.000150151,-0.000192366,-0.000141938,-0.000214067,-0.00040247,-0.000101003,-0.000270006,-0.000350472,-0.000272425,-0.000252694,-0.000282948,-0.000305325,-0.000310485,-0.000257827,-0.00024323,-0.000261735,-0.000256082,-0.000224714,-0.000249778,-0.000228641,-0.000216209,-0.00026366,-9.48887E-05,-0.000164661,-0.000258354,-6.24135E-05,-0.000170442,-0.000217547,-0.000269657,-0.000202028,-0.000240329,-0.000251237,-0.000242625,-0.000231029,-0.00020338,-0.000293635,-0.000233778,-0.000294821,-0.000168264,-0.000258996,-0.000250389,-0.000223397,-0.000202537,-0.000260991,-0.000163882,-0.000201088,-0.000241481,-0.000234263,-0.000218748
64.95506968,0.000182575,0.000082965,0.000162814,0.000101188,0.000129754,5.29185E-05,0.000182733,9.38251E-05,5.35653E-05,0.000155782,0.000152265,0.000137699,3.45876E-05,0.000150469,0.000132863,0.000105839,2.87559E-05,0.000132587,9.67544E-05,0.00011189,0.000229743,0.000125762,0.000236332,0.00019018,7.00584E-05,0.000156469,0.000177567,0.000274146,0.000177091,0.000122369,0.000146595,0.000135638,0.00015692,0.000168391,0.000108084,0.000119102,0.000178227,0.000138384,0.000243159,0.000165983,0.000150058,0.000263134,0.000291338,0.000200876,0.000201984,0.000150622,0.000177391,0.000172942,0.000152736,0.000163505,0.000163282,0.000200237,0.000190881,9.22117E-05,0.000180257,0.000194451,0.000213996,0.0002488,0.000273867,0.000226007,0.000229809,0.000179204,0.000253368,0.000252356,0.000176896,0.000255764,0.000178308,0.000199003,0.000197946,0.000196872,0.000306459,0.000181709,0.000186781,0.000147765,0.00027602,0.000176067,0.000132584,0.000157466,0.000148099,0.000182818,0.000188669,0.000165811,6.79005E-05,0.000127118,0.000111598,0.000177554,0.00017722,0.000137127,0.000184417,8.75809E-05,0.000214097,0.000253232,0.000122682,0.000190718,9.47955E-05,0.000148889,0.000140605,0.00015791,0.000114793,0.000170522,0.000143048,0.00023646,0.000204797,0.000218896,0.000174722,0.000126414,0.000212598,0.000187047,0.000191183,0.000257949,0.000200715,0.000205851,0.000118986,0.000151991,0.00016627,0.000205132,0.000164829,0.000166749,0.000262368,0.000303787,0.000171868,0.000203572,0.000192845,0.000192981,6.81368E-05,0.000175956,0.000186108
64.96500989,-3.4763E-06,-5.16789E-05,-0.000013379,-4.9368E-06,-8.36579E-05,-6.44918E-05,-0.000200294,-8.25835E-05,-9.1466E-06,6.67394E-05,-1.16963E-05,-4.94833E-05,-9.45149E-05,-7.31181E-05,-7.09936E-05,3.09727E-05,-4.96345E-05,-5.73624E-05,-8.35413E-05,-1.83971E-05,-0.000252786,-0.000141099,-9.73072E-05,-9.25434E-05,-0.000229614,-0.000281241,-0.00013041,-0.000186169,-0.000205489,-0.000320413,-0.000184516,-0.000149765,-0.000268638,-0.000200325,-0.000231584,-0.00013334,-0.000284741,-0.000198254,-0.000216098,-0.000114027,-0.0004094,-0.000255224,-7.57684E-05,-0.000015524,-0.000202552,-0.000251094,-7.34473E-05,-3.02614E-05,-0.000250524,-0.000217764,-0.000120971,-0.00016333,-0.000289764,-0.000187514,-0.000135571,-0.000135115,-0.000197243,-0.00021509,-7.49015E-05,-0.000020517,-7.90727E-05,-0.000154515,-6.3739E-06,-2.48023E-05,-1.8274E-06,-2.37582E-05,7.51783E-05,0.000106233,-0.000107584,7.14153E-05,3.7005E-06,5.8925E-06,-0.000147785,-4.90234E-05,-7.55993E-05,-4.82198E-05,-0.000097264,-0.000194481,-8.33096E-05,-6.62258E-05,-9.31769E-05,-0.000231809,-0.000139545,-0.00015869,-0.000155891,-0.000238255,-6.21985E-05,-9.17869E-05,-0.000165518,-0.00015983,-0.000178717,-9.01741E-05,-9.72368E-05,-0.000230217,2.97656E-05,-6.70902E-05,-6.94355E-05,-0.000089287,-6.5099E-06,-0.000112146,-8.68044E-05,-0.000252028,9.6579E-06,-6.21781E-05,-6.30596E-05,-0.000167725,-4.48563E-05,-0.000090912,-0.000198145,-0.00019911,-6.92995E-05,8.76368E-05,-0.000134534,-0.000115548,-7.67996E-05,-0.000139742,-0.000163261,-0.000175832,-0.000118655,-3.36832E-05,-0.000138654,-0.00015312,-0.000112752,-7.77531E-05,-0.000153415,-0.000118312,-0.000105338
64.9749501,4.82033E-05,4.18005E-05,-8.03906E-05,3.76994E-05,1.33027E-05,-4.39218E-05,-0.000008214,-6.95461E-05,1.61074E-05,8.6808E-06,-1.65902E-05,3.4595E-06,2.79873E-05,-1.65834E-05,5.86824E-05,-1.87112E-05,2.20755E-05,0.000009495,1.43596E-05,1.80217E-05,-3.61365E-05,-5.57689E-05,-0.000007674,-2.76282E-05,8.02071E-05,9.63897E-05,-0.000139134,0.000026033,-5.50956E-05,5.91364E-05,5.81344E-05,4.8722E-06,1.2292E-06,5.4716E-06,-0.000011478,-9.10933E-05,-0.000175542,6.96174E-05,-5.24921E-05,3.04907E-05,-0.000114462,4.08662E-05,9.1984E-06,2.23719E-05,0.000075068,-2.28361E-05,6.18342E-05,2.79298E-05,3.57409E-05,0.000038438,4.68162E-05,-1.78329E-05,0.000055302,5.0369E-06,0.000100557,-0.000184001,-4.62666E-05,-2.3169E-06,5.89854E-05,-0.000124757,4.24294E-05,-3.5832E-06,9.8515E-06,0.000103089,9.46003E-05,7.42043E-05,-0.000050803,3.35995E-05,-4.66801E-05,-0.000015108,-8.0048E-06,5.36023E-05,-1.39237E-05,6.54503E-05,0.000069305,-2.44491E-05,4.3143E-06,-5.88021E-05,1.61634E-05,-5.19443E-05,1.76137E-05,8.87828E-05,4.24809E-05,8.95295E-05,-0.000120519,-7.5168E-06,9.89957E-05,7.83661E-05,1.50537E-05,-7.22958E-05,0.000095377,-2.13614E-05,2.28726E-05,-7.18101E-05,4.59613E-05,4.499E-07,8.69217E-05,0.000102715,4.29817E-05,0.000145077,9.01525E-05,4.6237E-06,4.33268E-05,4.2874E-06,0.000207146,1.26352E-05,-5.55825E-05,-8.77685E-05,3.00392E-05,-2.08157E-05,-3.09111E-05,4.27716E-05,3.58824E-05,9.89203E-05,2.4345E-06,6.9802E-06,8.65492E-05,-4.11857E-05,2.41569E-05,5.60967E-05,4.60268E-05,7.22475E-05,-0.000064394,0.000046213,5.70354E-05,0.000101745,7.35163E-05
64.98495703,7.87649E-05,4.13467E-05,-2.51961E-05,0.0000126,-2.20789E-05,2.19833E-05,7.44932E-05,-2.21798E-05,0.000134166,8.43136E-05,0.000001116,-7.3711E-06,3.63327E-05,8.85537E-05,0.000113454,0.000109802,0.000196033,0.00011319,4.10557E-05,0.000123312,0.000220107,0.000106123,0.000209102,0.000168163,0.000123356,0.000116186,0.000185625,6.70582E-05,0.00023029,5.29419E-05,7.62219E-05,0.000100721,0.000163719,8.95515E-05,0.000100335,8.06023E-05,0.000123146,3.65347E-05,0.000144071,6.90134E-05,0.00016464,0.000222722,-0.000019431,6.25239E-05,9.25731E-05,0.000167904,0.000108585,5.82507E-05,0.000195042,9.79434E-05,0.000114189,0.0001233,0.000020819,0.000129485,0.000104103,0.000156576,5.11756E-05,9.6452E-06,1.29358E-05,0.00010239,5.68555E-05,9.76917E-05,3.07468E-05,0.000152691,-9.1446E-06,5.62964E-05,-2.07341E-05,6.47011E-05,0.00012458,0.000134068,-4.10409E-05,4.88156E-05,0.000109096,-4.80325E-05,0.000042098,1.05566E-05,0.000147573,1.61556E-05,3.65214E-05,0.000050969,0.000149662,6.67036E-05,5.09738E-05,3.55403E-05,9.18581E-05,0.000122207,9.43914E-05,0.000024412,0.000120688,0.000163483,9.14824E-05,0.000160891,5.96228E-05,6.07291E-05,3.11435E-05,8.30235E-05,0.000142815,7.32198E-05,2.25806E-05,4.90873E-05,9.79378E-05,0.000073228,-5.16489E-05,5.94318E-05,0.000136905,8.18687E-05,0.000114951,0.000130054,0.000171632,4.78808E-05,0.000160382,3.53937E-05,0.000188871,3.45665E-05,0.000109981,0.000184457,0.000113725,0.00010208,7.39378E-05,6.08252E-05,0.000204685,4.72801E-05,0.000125748,0.000102555,0.000147248,0.000140613,0.000075712
64.99489724,-0.00005724,-5.10013E-05,3.44265E-05,-4.25818E-05,-1.60872E-05,-6.21557E-05,7.228E-07,-1.1722E-06,-1.93567E-05,3.01579E-05,-3.69027E-05,7.35554E-05,-2.385E-07,-7.28048E-05,-4.83763E-05,3.1698E-06,-4.62044E-05,-6.07415E-05,-8.76415E-05,2.74781E-05,-9.53267E-05,-3.66511E-05,4.23957E-05,2.49423E-05,-0.000129051,-0.000148124,-5.22265E-05,-0.000020503,-0.000120991,-0.000129739,-8.746E-07,7.28043E-05,-4.26217E-05,-6.70521E-05,1.47031E-05,4.36853E-05,-3.14838E-05,-7.25973E-05,-3.71454E-05,-0.000016218,-0.000144541,-5.76344E-05,0.000073808,-4.01734E-05,-6.76071E-05,-6.69398E-05,-3.1014E-06,2.44423E-05,-7.84382E-05,-0.000137128,-0.000060947,0.000010953,-3.90544E-05,-6.90714E-05,9.94557E-05,-3.85208E-05,-4.15469E-05,-4.92524E-05,-9.9199E-06,6.94626E-05,-5.3953E-06,-8.57093E-05,1.19547E-05,-2.92398E-05,-5.47581E-05,-0.000120363,0.000108075,-3.5818E-06,3.78926E-05,-6.69733E-05,9.40806E-05,-0.000100574,-4.39094E-05,-5.27512E-05,5.95786E-05,-4.8731E-06,-0.000114871,1.40499E-05,-7.35319E-05,-6.74698E-05,-7.97197E-05,-0.000106639,-5.66073E-05,-1.19636E-05,-0.000105549,-0.000078054,4.04064E-05,-0.000122171,7.851E-07,-0.000128967,4.19643E-05,1.03644E-05,-2.02013E-05,-0.000122563,2.27902E-05,1.65029E-05,-3.43345E-05,2.89736E-05,9.6409E-06,-3.01564E-05,-6.16799E-05,-0.000141563,-8.0679E-06,-0.000065683,0.000001623,5.17821E-05,-5.05136E-05,3.11311E-05,-0.000059763,-0.000114654,3.02315E-05,7.9207E-06,-2.64662E-05,-9.85142E-05,8.3355E-06,-1.31397E-05,-6.40798E-05,-0.000003308,0.000114744,-1.69588E-05,-5.10173E-05,-2.034E-07,0.000111008,5.25978E-05,-9.22163E-05,-9.69747E-05,-3.90585E-05
65.00483745,-8.21286E-05,0.000006471,3.3202E-06,5.04097E-05,-0.000104711,-3.14924E-05,-2.47616E-05,-4.53266E-05,-5.35358E-05,4.02549E-05,-8.33098E-05,-3.52896E-05,-0.000106129,-7.13334E-05,-1.87064E-05,-7.91459E-05,-1.52265E-05,-7.03301E-05,-5.93096E-05,-0.000073332,-0.000117428,2.47269E-05,-0.000141156,-7.69532E-05,3.16685E-05,-4.04908E-05,-0.000117635,-3.47496E-05,-5.27934E-05,-4.97227E-05,-0.000128624,1.63868E-05,-7.14194E-05,-2.84675E-05,-2.51761E-05,-0.000114506,2.13124E-05,4.63267E-05,-0.000114385,-3.09238E-05,-0.000115651,-0.000007337,-5.86305E-05,-9.85713E-05,1.30147E-05,2.37169E-05,-7.58175E-05,-1.72611E-05,-9.01729E-05,0.00004082,-1.76195E-05,-0.000060331,-5.00116E-05,-7.65351E-05,-5.70644E-05,-3.14454E-05,-2.11723E-05,-5.66408E-05,-8.59229E-05,-0.000195304,-0.000163975,-3.39018E-05,-0.00013294,-3.39522E-05,-2.1415E-06,-4.69693E-05,-7.56286E-05,-7.74807E-05,-3.25096E-05,0.000103257,-0.000129035,-0.000129835,0.000001821,4.00435E-05,-5.95508E-05,-1.09799E-05,-3.35446E-05,-5.03787E-05,-2.19856E-05,-0.000133322,-0.000163527,-1.77563E-05,-0.000172876,1.58158E-05,-9.00022E-05,-0.000208067,-1.82071E-05,-6.43659E-05,-0.000112026,-7.71409E-05,-9.29687E-05,-0.000102229,-9.33622E-05,-5.28639E-05,-0.000056849,-0.000141628,-4.24336E-05,4.37098E-05,2.72887E-05,2.45789E-05,-5.39107E-05,-6.70779E-05,-2.26033E-05,-4.66637E-05,-5.45546E-05,0.000004565,-0.000138448,-3.22546E-05,-6.24843E-05,-0.000162191,-6.04653E-05,-0.000179579,-0.000088351,-7.80818E-05,-6.98226E-05,-6.18248E-05,-3.65988E-05,-0.000107217,-0.000132432,-6.70224E-05,1.11664E-05,6.04704E-05,-8.93717E-05,-5.54933E-05,-8.397E-07,-9.58628E-05,-0.000124354
65.01477766,0.000132581,0.000184522,0.000262296,0.000222705,0.000225264,0.00019382,0.000244288,0.00020505,0.000189742,0.000179146,0.000213412,0.000174119,0.000280355,0.000127312,0.000196987,0.000163368,0.000218868,0.000193557,0.0002252,0.000262237,0.000310417,0.000218108,0.000218449,0.000295483,0.000301867,0.000288104,0.00024429,0.000227821,0.000299195,0.000262982,0.000272188,0.000304146,0.000303505,0.000173208,0.000265901,0.000282493,0.000352625,0.000263525,0.000170338,0.000250368,0.000476512,0.000232688,0.000155489,0.000303322,0.00033437,0.000302214,0.000255268,0.000299091,0.00038825,0.000302578,0.000274305,0.00031426,0.000485623,0.000314499,0.000342109,0.000503143,0.000280058,0.000255035,0.000183938,0.000331158,0.000266184,0.00019955,0.000165769,0.000285905,0.000321671,0.000183768,0.000268279,0.000142602,0.000192972,0.000223906,0.000215553,0.000245466,0.000292668,0.000201235,0.000263466,0.000295686,0.000300092,0.000299877,0.000264517,0.000156816,0.000246656,0.000208468,0.0003171,0.000203271,0.000349045,0.000232751,0.000235547,0.000318095,0.000260457,0.00027962,0.000197961,0.000232672,0.000347458,0.000339518,0.000208085,0.000308392,0.000213846,0.000250794,0.00019231,0.000273228,0.000256635,0.000155126,0.000259334,0.000164971,0.000351457,0.000190171,0.000301442,0.00031419,0.000372659,0.000246777,0.000255832,0.000239382,0.000292122,0.000341808,0.000261815,0.000295461,0.000299871,0.000260471,0.000302913,0.000298456,0.000214969,0.000178198,0.000169195,0.000263959,0.00011356,0.000235683,0.000210295
65.02471787,-1.81018E-05,0.000013195,-4.88591E-05,-0.000026685,2.7346E-06,6.12094E-05,-0.000121501,-7.26946E-05,1.82915E-05,-3.80886E-05,-9.75798E-05,-1.60516E-05,-0.000015725,-0.000062053,-5.03277E-05,-7.77547E-05,-1.39782E-05,3.66236E-05,-8.27183E-05,-6.12496E-05,-0.000104602,4.07113E-05,-9.38666E-05,-0.000111447,-0.000173564,-2.48591E-05,-0.000172379,-8.02377E-05,-6.75895E-05,-0.000113896,-0.000196727,-0.000207581,-8.20296E-05,-1.71177E-05,-0.000269222,-0.000165932,-0.000120978,-8.18787E-05,-0.000174312,-0.000131087,-0.000268717,-0.000144983,-0.000130499,-0.000150216,-0.00016312,-8.38444E-05,-0.000159117,-0.00022583,-0.000163733,-0.000146587,-0.000203103,-0.000185082,-0.000190009,-5.52706E-05,-0.000163373,-0.000243134,-0.000146791,-0.000169027,-0.000103415,-0.000160365,-0.000107336,7.30117E-05,-0.000150446,-0.000125838,-8.79685E-05,-3.8466E-06,-0.000140524,-0.000146204,-7.23216E-05,-7.39075E-05,-1.66638E-05,-0.000106393,-4.73346E-05,1.6912E-06,3.81781E-05,-2.09957E-05,-1.43804E-05,-1.96423E-05,0.0000102,-2.94142E-05,-8.20201E-05,-5.12874E-05,-0.000120606,0.000112714,7.9629E-06,-2.36033E-05,-0.000160281,-7.22595E-05,-5.2358E-06,-0.000106776,-9.98062E-05,-0.000160952,-0.000092293,-3.50627E-05,-0.000072965,-0.000173105,-5.16623E-05,2.62092E-05,-7.56246E-05,-7.63687E-05,-0.000103268,-0.00013886,-5.34722E-05,8.5514E-06,-3.18253E-05,6.15853E-05,-9.04541E-05,-1.71611E-05,-0.00014335,6.6578E-06,-3.43218E-05,-0.000147054,-5.49683E-05,-8.05915E-05,-5.36645E-05,-0.000175962,-0.000174701,-0.00010017,-0.00010373,-4.98672E-05,2.593E-07,4.64642E-05,-0.000162353,-0.000070478,-6.67965E-05,-0.000020716,-0.000113878
65.03472479,-5.44794E-05,-0.000175713,-0.000054383,-9.82593E-05,-3.43108E-05,-5.03371E-05,-3.56031E-05,-5.31074E-05,-0.000100977,-0.000196864,-0.000062682,-0.000147683,1.02883E-05,4.9674E-06,-4.54286E-05,-7.81584E-05,-5.0941E-06,-0.000121429,3.9856E-06,-0.000137777,6.17603E-05,1.50414E-05,6.2312E-06,-0.000153053,8.02241E-05,0.000010536,6.54657E-05,2.86192E-05,0.000100418,0.000139712,-2.01118E-05,-6.11194E-05,0.000005003,-7.76557E-05,0.000264633,0.000020538,-0.000038281,-5.22691E-05,-4.83304E-05,-0.000094649,0.000172021,4.9321E-06,-0.000129036,-0.000113735,-9.38063E-05,7.62507E-05,0.000019764,-6.36202E-05,-5.4136E-06,-3.97915E-05,-1.66435E-05,-0.000046121,6.85151E-05,0.000025072,-6.23185E-05,-3.42276E-05,0.000123119,-5.88074E-05,-0.000247578,-0.000471472,-8.68683E-05,-0.000107639,-0.00020239,-0.000172969,-4.74202E-05,-0.000202315,-0.000158847,-0.00037136,-0.000128754,-0.000132378,-0.000139529,-0.000112545,-0.000191246,-0.000163585,-0.000114197,-0.000120794,9.66107E-05,-8.56902E-05,-9.29986E-05,-0.000149762,-2.88687E-05,-0.000079707,5.71262E-05,-0.000225214,1.57602E-05,5.01968E-05,1.2884E-06,-4.19534E-05,-8.65306E-05,-0.000146671,9.9056E-06,-0.000110218,-6.99532E-05,5.8749E-06,3.12235E-05,-0.000187934,-7.91587E-05,-0.000127576,-9.82135E-05,-6.01513E-05,-7.67439E-05,-0.000069957,-0.000112142,-0.000179744,-6.45155E-05,-0.000134531,-0.00014175,-0.000131034,-2.80786E-05,-3.24922E-05,-0.000102874,-0.00012911,-3.554E-07,-7.74544E-05,-0.000164714,0.000161423,7.36657E-05,-2.64454E-05,-0.000125962,-0.000088669,8.77097E-05,-0.000293416,-5.36236E-05,-8.23564E-05,3.35856E-05,2.71321E-05,-0.000165394
65.044665,3.67273E-05,-4.46978E-05,-4.40222E-05,0.000128187,9.77412E-05,2.10168E-05,0.0000048,9.92547E-05,2.90686E-05,-0.000016046,2.71056E-05,-2.88784E-05,-6.7856E-06,-5.53144E-05,-5.55386E-05,-6.30599E-05,-6.92621E-05,-4.69536E-05,-1.92137E-05,3.99937E-05,0.000178397,0.000155908,-0.000021755,0.000177868,0.000159431,8.71154E-05,0.00017025,0.000199054,0.000170488,0.00017305,5.30103E-05,0.000164602,9.13773E-05,-1.31466E-05,0.000313418,9.10913E-05,0.000107403,-2.86511E-05,6.08076E-05,5.60977E-05,0.000347902,0.000181705,4.66162E-05,3.2217E-06,0.000106366,1.98636E-05,6.41317E-05,0.000156572,0.000104882,6.04813E-05,3.87865E-05,5.88668E-05,0.000173058,3.04845E-05,0.000162783,0.000125401,0.000210147,5.20736E-05,-0.000035076,-9.88724E-05,4.67791E-05,-9.66998E-05,-9.23581E-05,-1.03768E-05,-7.25135E-05,2.85781E-05,-9.07454E-05,-4.22092E-05,1.04284E-05,-0.000080457,-0.000160049,-3.00336E-05,0.000114665,7.11952E-05,5.37885E-05,2.91005E-05,0.000224342,0.000112901,6.45018E-05,4.71277E-05,0.000110216,0.000131773,0.000216233,-2.22234E-05,0.000120945,0.00012696,0.000186216,0.00012908,0.000144415,0.000180981,0.000218344,6.00846E-05,9.92384E-05,0.000149481,0.000189984,5.31378E-05,5.01214E-05,6.30661E-05,-6.49947E-05,0.000130208,0.000095605,-1.99477E-05,-8.1356E-06,-3.05635E-05,-4.34778E-05,-1.62218E-05,6.27831E-05,6.80297E-05,0.000124545,6.37858E-05,4.94424E-05,7.94722E-05,8.20217E-05,4.34461E-05,3.40885E-05,0.00029632,0.000161376,0.000118094,6.82164E-05,0.000110838,0.000189401,-3.97364E-05,8.27344E-05,0.000100297,3.60533E-05,8.43602E-05,8.24812E-05
65.05480535,-2.87418E-05,7.18748E-05,4.6717E-06,6.63554E-05,0.000140928,7.52401E-05,3.06163E-05,5.67743E-05,8.00549E-05,5.44792E-05,5.6573E-06,4.53744E-05,0.000104208,-1.30228E-05,-3.96277E-05,0.000049291,4.13887E-05,-2.00208E-05,1.75645E-05,1.17339E-05,0.000140233,5.40628E-05,7.83883E-05,2.75662E-05,3.54729E-05,7.69633E-05,0.000132094,0.000111175,0.000186361,0.000052303,3.03476E-05,0.000116833,0.000114839,7.66231E-05,0.000107395,7.17456E-05,0.000168546,-5.4894E-06,9.46714E-05,9.61243E-05,0.000112948,3.53857E-05,8.53941E-05,2.53071E-05,6.31603E-05,7.15515E-05,3.71721E-05,0.000112796,8.16088E-05,0.000126769,-3.10415E-05,5.13893E-05,0.000128967,-4.6455E-06,-3.60165E-05,4.81929E-05,0.000193977,-1.10768E-05,6.03463E-05,0.000103436,0.000105456,1.29939E-05,6.21193E-05,3.45317E-05,3.72428E-05,0.000105505,1.0659E-06,2.2201E-06,-1.72798E-05,2.50565E-05,4.90104E-05,9.55067E-05,0.000143053,-6.50083E-05,0.000162037,0.000164598,0.000116862,0.000071412,6.40555E-05,8.28381E-05,0.000109679,2.27001E-05,0.000045408,3.53178E-05,0.000222375,3.62157E-05,4.92469E-05,0.000103658,0.00019837,0.000133617,0.000164724,9.88831E-05,0.000165272,2.80925E-05,0.000105106,7.81026E-05,2.40554E-05,8.0183E-06,0.000111013,0.000110793,7.79374E-05,0.000135664,4.15212E-05,3.82492E-05,1.52357E-05,6.61372E-05,0.000169944,-2.55469E-05,0.00014586,2.52179E-05,4.23654E-05,0.000131034,8.87495E-05,3.53438E-05,-4.2831E-06,0.000149167,0.000138065,-2.04383E-05,4.09924E-05,0.000130578,1.49879E-05,-3.04662E-05,5.07983E-05,0.000185676,-0.000010191,2.57339E-05,-1.15914E-05
65.06474556,-6.83105E-05,-3.92679E-05,-6.92379E-05,-0.000128465,-8.95393E-05,-9.68502E-05,-0.000124913,-0.000089708,-0.000058093,-1.85874E-05,1.28231E-05,-1.09342E-05,-7.28467E-05,-5.04486E-05,-5.44836E-05,3.37364E-05,3.87347E-05,-9.56935E-05,-9.44375E-05,-6.66649E-05,-0.000202543,-9.20878E-05,-8.84671E-05,-0.000016354,-8.84078E-05,5.03E-08,-0.000081382,-0.000156341,-0.000221352,-0.000132474,-0.000116422,-0.000131436,-0.000182617,-0.000066013,-0.000205502,-0.000116874,-9.02466E-05,-0.000132493,-7.18376E-05,-0.00018469,-0.000322658,-0.000124911,-7.62641E-05,-0.000149021,-0.000139036,-0.000215362,-9.58188E-05,-0.000136433,-0.000210508,-0.000122537,-0.000107498,-0.000181193,-0.000208958,-0.000116729,-0.000122708,-0.000218412,-7.08715E-05,-9.93214E-05,-5.09589E-05,-9.94582E-05,-0.000135917,-5.10651E-05,-9.0366E-06,6.6283E-06,-3.97541E-05,-0.000142892,-4.49974E-05,-9.00316E-05,-0.000073909,-6.58644E-05,-7.52197E-05,-0.000109715,-0.000157466,-7.24668E-05,8.64624E-05,-0.000116881,-0.00012544,-0.00012719,-0.000175376,-0.000082808,-6.33621E-05,-0.000139436,-4.31118E-05,-0.00018009,-0.000160759,-0.00010814,-0.000123694,-9.86984E-05,-9.67765E-05,-0.000172266,-0.00006446,-0.000165472,-7.07252E-05,-5.87576E-05,-0.000163758,-0.000125065,-0.000110203,-0.000124841,-0.000109406,-8.30167E-05,-6.31556E-05,-0.000210001,-6.75569E-05,-0.000121884,-9.39626E-05,-0.000102057,4.32692E-05,-0.00015862,-0.000170502,-0.00014823,-7.50099E-05,-0.000223155,-0.000128663,-8.87478E-05,-0.000201777,-0.000183704,-0.000106518,-7.52629E-05,-9.92613E-05,-0.000163852,-8.47837E-05,-2.13606E-05,-3.24938E-05,-8.72037E-05,1.8012E-06,-1.24271E-05,3.44496E-05
65.07475248,0.000101705,9.43979E-05,6.63981E-05,0.000161318,0.000158889,6.88245E-05,0.000039005,0.000081154,0.000122345,0.000114503,0.000021604,0.000070378,9.38912E-05,0.000116624,6.09164E-05,4.61268E-05,0.000119156,9.62977E-05,0.000132765,0.000104477,0.000231868,0.000168878,0.000104717,0.000192681,0.000212874,-7.8634E-06,0.000162903,0.000127895,0.000205898,9.9508E-06,0.000117814,0.000160279,0.000235051,0.000157006,0.000141554,0.00015463,0.000265293,0.000210957,0.000192504,0.000144232,0.000238735,0.000199681,0.000126342,0.000108814,0.000185587,0.000114156,0.000165741,0.000208688,0.000146156,0.000159951,0.000110411,0.000134115,0.000197843,-2.385E-07,0.000197214,0.000187827,0.000249926,0.000159255,0.000159305,6.82442E-05,0.000200512,0.000130281,0.000156851,0.000180288,0.000125525,-0.000023141,0.000157423,0.000185509,0.000140554,4.79898E-05,0.000173961,0.000221739,0.000128308,6.41685E-05,0.000215257,0.000169971,0.000261704,0.000103291,0.000105914,0.000207891,0.000167554,0.000191908,0.000168211,0.000173614,0.00023095,0.00020753,0.00010265,0.000193802,0.00015736,0.000167462,0.000154429,0.000164546,0.000163785,0.000166217,0.000119072,0.000118406,0.000123328,0.000208918,7.51688E-05,0.000276111,0.000172938,0.000101681,8.72924E-05,0.000207074,0.000192839,0.000166948,0.000152845,0.00013848,0.000149628,0.000145337,9.85606E-05,0.00016395,0.000191429,0.000124544,7.06497E-05,0.000201079,0.000297016,0.000187343,0.000164335,0.000191614,0.000159141,6.52276E-05,0.000147315,0.000181442,0.000229976,3.76995E-05,0.000163687
65.08469269,1.26441E-05,-6.0434E-06,-2.4038E-06,-6.56287E-05,-0.000145223,2.19641E-05,1.17455E-05,3.40713E-05,9.74434E-05,6.05816E-05,3.71116E-05,9.77619E-05,0.000122146,2.6912E-06,-8.58757E-05,4.31833E-05,3.91157E-05,5.2824E-06,6.03996E-05,5.97499E-05,-3.80374E-05,2.26112E-05,0.000041421,-6.2261E-06,2.82403E-05,7.07784E-05,0.000102809,6.14471E-05,3.98193E-05,3.76903E-05,1.28945E-05,-4.29397E-05,8.81427E-05,-6.51628E-05,0.000157308,4.65605E-05,-8.21435E-05,-0.000118827,-1.74809E-05,-0.000034685,3.84596E-05,-5.37136E-05,1.63347E-05,2.81926E-05,3.63986E-05,8.49796E-05,-1.49357E-05,4.20208E-05,5.59507E-05,-0.000044741,-5.23801E-05,5.31933E-05,-6.26564E-05,2.63498E-05,0.000146175,4.32515E-05,-1.41998E-05,-5.20886E-05,-0.000135263,-4.77111E-05,-2.55645E-05,-0.000084455,-4.06105E-05,6.8345E-06,-0.000107411,-1.26616E-05,-0.000100834,2.12393E-05,-1.06577E-05,-2.35654E-05,7.40121E-05,-6.01567E-05,1.59294E-05,1.81187E-05,-9.34481E-05,4.12135E-05,-2.37399E-05,8.42533E-05,-5.23346E-05,3.08205E-05,4.34577E-05,-6.19859E-05,0.000004071,2.99546E-05,-7.46412E-05,-1.94363E-05,0.000100818,4.37169E-05,0.000110275,0.000017994,0.000178889,-2.43551E-05,0.000146806,9.82126E-05,4.37266E-05,1.27547E-05,-2.86044E-05,1.61518E-05,4.5586E-06,1.19059E-05,1.54456E-05,2.17343E-05,8.47591E-05,-7.51549E-05,7.00756E-05,6.98789E-05,6.13768E-05,-1.94218E-05,0.000026885,8.14141E-05,6.37932E-05,6.56286E-05,-7.56741E-05,1.60048E-05,-1.15482E-05,0.000124011,-4.06183E-05,8.70905E-05,0.000104257,1.92425E-05,-1.3212E-06,-0.000109472,8.29512E-05,0.00002425,6.01057E-05,7.41367E-05,-9.9241E-06
65.0946329,-2.50276E-05,3.6961E-06,0.000106703,0.000025723,-5.02585E-05,-4.86366E-05,1.01213E-05,-1.25435E-05,0.000002294,4.22042E-05,1.37766E-05,-1.93793E-05,-2.31582E-05,4.0514E-06,5.10102E-05,3.86674E-05,-8.05614E-05,-8.62108E-05,-2.63787E-05,-1.85233E-05,-4.94067E-05,-0.000107684,0.000016872,-3.14733E-05,-4.10625E-05,-1.4182E-06,-2.14677E-05,-6.86983E-05,-6.09323E-05,-2.32153E-05,-4.36291E-05,9.1954E-06,-0.000052943,-1.57564E-05,-0.000200437,-6.44867E-05,-8.85647E-05,9.72142E-05,2.28582E-05,-4.42965E-05,-4.31638E-05,-6.06455E-05,-7.46027E-05,-4.99319E-05,-5.17356E-05,-0.000017577,9.8873E-06,-4.63121E-05,-9.12991E-05,-3.53565E-05,-9.9713E-06,-0.000187376,-2.93707E-05,-2.09415E-05,5.78501E-05,2.59479E-05,3.12244E-05,5.15525E-05,5.59864E-05,0.000155115,8.72774E-05,5.10208E-05,7.14265E-05,1.38068E-05,5.30393E-05,2.13262E-05,0.000232658,8.06431E-05,5.90557E-05,7.63822E-05,0.00014722,4.34826E-05,3.80746E-05,3.72981E-05,3.8599E-06,-3.11551E-05,-0.000027077,-6.2625E-06,0.000124485,3.56076E-05,-2.81876E-05,3.89645E-05,-6.71005E-05,5.52468E-05,-2.54432E-05,4.05059E-05,1.68767E-05,-8.5088E-06,0.000116833,0.000105948,-4.64275E-05,0.000100671,1.76218E-05,0.000034784,6.17883E-05,8.0563E-06,-0.000000483,3.53108E-05,-0.00003289,-0.000123297,-1.47685E-05,8.5086E-06,-4.6511E-06,7.2345E-06,5.05817E-05,5.53014E-05,9.14271E-05,3.18515E-05,6.15198E-05,-2.90034E-05,6.66748E-05,0.000147838,6.50481E-05,-5.7323E-06,1.02174E-05,-8.49583E-05,-5.72339E-05,-3.52447E-05,7.03117E-05,-1.95439E-05,4.71682E-05,8.55358E-05,5.174E-07,-8.64802E-05,-4.33971E-05,5.78805E-05,-3.31708E-05
65.10457311,0.000110387,4.29263E-05,9.02914E-05,0.000024963,0.000093456,2.20582E-05,8.53739E-05,0.000049908,0.000168149,7.63946E-05,0.000100668,0.000174577,-2.59491E-05,0.000098325,9.38489E-05,0.00009528,0.000164946,0.000118285,9.69638E-05,0.00012513,7.53984E-05,0.000105079,0.000146511,0.000209836,0.000126082,0.000141329,8.22208E-05,8.97773E-05,5.23446E-05,2.81108E-05,0.000136433,6.52042E-05,1.60674E-05,7.47867E-05,2.08909E-05,0.000079627,8.93176E-05,6.22863E-05,2.31787E-05,0.000100211,-6.61254E-05,9.35725E-05,0.000116472,0.000169922,0.000110044,-1.01545E-05,9.81127E-05,3.14647E-05,7.30289E-05,-3.65173E-05,0.000150502,0.000100932,7.80029E-05,0.000045127,3.44219E-05,0.000142374,0.000006486,3.52402E-05,0.000119693,-1.29982E-05,7.69813E-05,0.000164203,0.000181154,0.000130166,0.000062625,9.40359E-05,0.000181609,0.000141872,0.000136084,9.20681E-05,0.000139616,0.000109134,0.000105332,0.000136375,0.000094906,0.000150342,2.87311E-05,5.19662E-05,0.000202539,5.30993E-05,0.0001196,0.000152789,0.00018994,0.000127141,2.13254E-05,4.42336E-05,8.52823E-05,0.000111088,0.000075752,0.000159777,0.00012795,6.54352E-05,2.94193E-05,-7.6554E-06,0.000128229,8.87767E-05,9.36833E-05,0.00013721,0.000148301,0.000139241,0.000176923,-5.90713E-05,0.00010909,0.000182273,3.07396E-05,7.95749E-05,-1.67748E-05,0.000046373,2.47123E-05,2.5501E-06,5.31323E-05,3.55304E-05,2.06144E-05,0.000038077,0.000111698,-3.69868E-05,5.11543E-05,9.97021E-05,0.000131505,-3.63569E-05,5.41062E-05,9.5233E-06,7.47446E-05,0.000176552,0.000176474,0.000114289,0.000150038
65.11458003,-8.6338E-06,4.12741E-05,-6.14349E-05,0.000131495,0.000110257,8.5131E-06,-9.79849E-05,-7.7744E-06,1.01047E-05,6.12723E-05,-1.0406E-06,1.87336E-05,3.34649E-05,0.000115671,6.978E-07,0.000104574,-1.27389E-05,5.67029E-05,-3.29995E-05,-1.23373E-05,6.23706E-05,3.37006E-05,4.93394E-05,-4.09563E-05,0.000110591,0.000120372,9.91009E-05,5.23462E-05,0.000171309,-5.83321E-05,3.26302E-05,3.86864E-05,0.000139217,-6.4435E-06,9.47596E-05,6.78267E-05,0.000144439,6.7544E-06,4.19619E-05,9.93701E-05,0.000180116,6.27081E-05,-2.6792E-06,9.59396E-05,0.000124823,1.01642E-05,-2.40293E-05,5.28618E-05,7.81753E-05,-3.5993E-06,1.96306E-05,2.67571E-05,9.98129E-05,-4.37112E-05,-3.93563E-05,9.27527E-05,0.000159045,5.88412E-05,6.53993E-05,-0.000005791,2.38349E-05,-9.42915E-05,-6.8827E-06,1.12157E-05,1.52859E-05,-0.000007688,-1.1952E-06,-2.12937E-05,9.69785E-05,-7.05203E-05,2.00063E-05,-0.000001626,2.2236E-06,4.20675E-05,0.000175216,-4.17907E-05,0.000137341,3.07058E-05,6.18274E-05,8.84539E-05,8.40253E-05,-2.77011E-05,-4.47299E-05,8.60968E-05,-1.62889E-05,0.000130839,-7.40643E-05,1.79043E-05,8.00703E-05,0.000158047,5.43249E-05,1.10906E-05,1.14162E-05,9.0321E-06,6.97353E-05,8.11171E-05,0.000087971,3.635E-07,-3.84463E-05,7.36857E-05,0.000117039,-2.17262E-05,-1.55779E-05,5.78656E-05,0.000065615,5.74732E-05,0.000059749,6.22253E-05,9.72542E-05,3.81323E-05,-8.2692E-06,-1.47708E-05,7.15165E-05,6.7076E-06,6.14481E-05,8.22771E-05,5.53677E-05,2.55896E-05,2.79882E-05,4.15434E-05,9.33643E-05,-0.000039377,4.10963E-05,0.000100218,3.5419E-06,2.21074E-05,1.43092E-05
65.12452024,0.000144481,6.63283E-05,4.09657E-05,8.16285E-05,2.27886E-05,7.89907E-05,7.7922E-06,9.39996E-05,-5.20618E-05,-1.83432E-05,5.13969E-05,-2.80359E-05,2.95396E-05,-7.46409E-05,-1.16125E-05,2.31306E-05,8.51408E-05,9.79748E-05,1.13776E-05,3.00994E-05,0.000136997,0.000120116,0.000031321,4.94302E-05,0.000088226,0.000142178,0.000173387,0.000151486,0.000215272,8.21704E-05,0.000124308,7.31404E-05,0.000102513,-5.82892E-05,0.000266488,-4.56509E-05,0.000182865,-2.46473E-05,9.09648E-05,3.31102E-05,0.000170186,0.000131106,-1.00486E-05,-3.63516E-05,0.00010439,0.000133164,7.77481E-05,8.55736E-05,9.76272E-05,0.00004331,9.39729E-05,-0.000013057,0.000104199,-0.000037218,4.0232E-06,8.48068E-05,7.51939E-05,-3.0669E-06,-0.000021453,-6.79264E-05,1.34411E-05,-9.08119E-05,-4.24948E-05,-6.84973E-05,1.84374E-05,-8.02616E-05,0.000140007,-7.87714E-05,2.72031E-05,-2.62861E-05,-0.000087317,-3.31985E-05,3.15744E-05,5.5665E-06,9.07103E-05,5.43486E-05,5.22824E-05,8.42256E-05,8.62521E-05,1.92227E-05,0.000103304,8.73567E-05,0.000169586,-6.03102E-05,0.000185266,6.12914E-05,4.96314E-05,8.83561E-05,6.19797E-05,6.95275E-05,0.000131649,8.23101E-05,2.56798E-05,5.94062E-05,9.44839E-05,-1.29864E-05,6.88216E-05,-2.10764E-05,9.00906E-05,-6.7963E-06,9.18342E-05,0.000139623,-1.0294E-06,8.95544E-05,4.74001E-05,-1.18016E-05,3.21615E-05,-1.76023E-05,7.79789E-05,-8.68849E-05,1.87648E-05,-2.3331E-06,7.24083E-05,-1.88467E-05,9.30282E-05,0.000167605,9.20405E-05,3.39626E-05,1.81284E-05,1.14404E-05,-6.9705E-06,-1.08065E-05,5.87886E-05,1.37231E-05,0.000060897,0.000109955,4.72622E-05
65.13446045,0.000158318,3.4542E-06,1.17446E-05,1.32798E-05,1.98287E-05,7.24053E-05,-2.44139E-05,4.76899E-05,3.43394E-05,1.48915E-05,-4.20398E-05,-8.2299E-06,0.000120941,0.000013961,0.000088011,4.67736E-05,1.34193E-05,0.000171517,8.95977E-05,0.00011946,0.000131727,0.000173914,7.92302E-05,0.000106557,0.000157507,0.000168912,0.000140539,0.000169222,0.000189582,0.000186491,9.67014E-05,0.000151205,0.000167325,2.13509E-05,0.000285283,0.00012917,0.000134212,0.000115302,0.000024696,2.33217E-05,0.000274837,0.000241739,-2.27894E-05,3.42039E-05,0.000243225,8.88051E-05,3.46021E-05,0.00012647,0.000198829,5.87707E-05,1.78403E-05,8.88522E-05,0.000154726,7.22505E-05,4.78645E-05,3.06862E-05,0.000113518,5.73289E-05,-1.85772E-05,-0.000021809,0.000136346,-4.94265E-05,-3.49379E-05,-5.09751E-05,1.83259E-05,-5.78693E-05,-4.44937E-05,-6.16804E-05,-0.000012744,-0.000150889,-0.000117787,-5.83433E-05,0.000102579,-2.6624E-06,0.000240516,8.52697E-05,0.000265947,8.71742E-05,0.000132544,5.14703E-05,0.000058578,0.000107738,0.000163005,8.37418E-05,0.00024473,0.000118794,0.000175379,0.000232906,0.000103706,0.000173559,3.86537E-05,0.000126626,0.000208274,0.000178812,5.87593E-05,0.000119223,8.49099E-05,6.91331E-05,9.82686E-05,3.82456E-05,2.11422E-05,-6.9681E-06,-3.95164E-05,7.71119E-05,9.45541E-05,0.000116875,7.30483E-05,0.000108431,0.000212253,9.05746E-05,7.20333E-05,8.20845E-05,0.000125998,5.38456E-05,5.55022E-05,0.000247096,0.00012781,-0.000007044,0.000071419,-3.4035E-06,8.43811E-05,3.9048E-06,1.73E-08,0.000119044,6.47004E-05,0.000151922,5.99699E-05
65.14440066,1.45244E-05,-1.25847E-05,5.76338E-05,3.28321E-05,-1.29839E-05,6.79303E-05,-1.72382E-05,8.28505E-05,-1.72619E-05,3.43162E-05,2.70516E-05,1.14133E-05,-3.05335E-05,5.9636E-06,-7.91109E-05,-1.54331E-05,-6.553E-07,6.79704E-05,0.000057167,-5.98917E-05,5.50571E-05,2.55434E-05,4.71994E-05,3.59197E-05,-4.2535E-06,-6.18607E-05,0.000051777,-6.0742E-06,4.14421E-05,6.2353E-06,5.96575E-05,-5.09505E-05,8.28016E-05,8.12741E-05,9.19752E-05,6.76761E-05,0.000118892,4.11191E-05,9.46865E-05,1.98524E-05,0.000038693,-6.27495E-05,8.46549E-05,-5.0735E-06,9.31103E-05,6.36628E-05,8.35571E-05,9.57668E-05,2.44013E-05,7.2038E-06,5.17523E-05,0.000071384,0.000100309,-1.0973E-06,8.81801E-05,-0.0000668,6.88065E-05,0.000006522,0.000082776,-8.35803E-05,0.000128841,0.000115928,-1.02082E-05,0.000170764,-3.5709E-06,-0.000107811,0.000117965,-5.2123E-06,6.68552E-05,2.59603E-05,-2.20342E-05,4.0796E-06,0.00005422,-2.30877E-05,5.9929E-06,-7.9747E-06,6.64063E-05,4.91247E-05,0.00010429,-2.35888E-05,-6.51584E-05,0.000049973,0.000106522,-8.17716E-05,8.42129E-05,-3.7981E-06,7.00723E-05,8.37755E-05,5.36439E-05,-4.05516E-05,2.54976E-05,4.41583E-05,6.35178E-05,6.21976E-05,0.000107158,5.85799E-05,5.08537E-05,5.76188E-05,8.97045E-05,7.28428E-05,5.2697E-06,0.000182659,-1.88832E-05,6.67513E-05,0.000125043,6.76553E-05,4.21114E-05,-2.12485E-05,7.65413E-05,-3.474E-07,3.66104E-05,7.77758E-05,2.63771E-05,9.65752E-05,-8.5093E-06,9.04594E-05,0.000094855,0.000118786,0.000160878,2.68489E-05,0.000132711,-5.69572E-05,9.29763E-05,0.000032383,5.0434E-06,0.000071157,0.000113278
65.15440759,-0.000092731,-4.38538E-05,-1.02027E-05,4.06851E-05,5.6854E-06,-3.75092E-05,-3.97782E-05,-4.03089E-05,-7.78536E-05,-1.26523E-05,-4.93652E-05,-0.000103883,3.20565E-05,0.000034622,2.21389E-05,-4.35732E-05,-9.46996E-05,8.86086E-05,2.43812E-05,0.000026648,6.05975E-05,7.61428E-05,5.13382E-05,4.3746E-06,5.36955E-05,8.84698E-05,6.13875E-05,-3.7473E-06,1.25978E-05,9.07101E-05,-1.79819E-05,2.98975E-05,3.14216E-05,-5.39181E-05,0.000122247,2.45615E-05,0.000119851,4.35077E-05,3.80117E-05,4.72915E-05,0.000168569,8.32026E-05,-5.31405E-05,-5.96219E-05,-3.96177E-05,0.000066603,1.2545E-06,2.45394E-05,2.2258E-06,4.30351E-05,6.84077E-05,-1.21565E-05,7.94248E-05,0.000121698,7.59425E-05,4.4009E-06,0.0000056,-1.96406E-05,-4.40425E-05,-0.000074001,-7.63347E-05,0.000019119,6.33459E-05,-1.73911E-05,-1.70042E-05,-8.94781E-05,-0.000143247,-0.000122103,3.14003E-05,-5.94451E-05,-0.000106543,-4.70968E-05,-1.81429E-05,-7.04056E-05,3.02082E-05,-1.931E-07,-5.61957E-05,-3.8479E-06,5.7087E-06,-1.24822E-05,2.32077E-05,2.41017E-05,3.48767E-05,-7.16517E-05,0.000119771,0.000116001,1.65894E-05,3.95669E-05,4.27355E-05,0.000117528,-0.00001087,1.24278E-05,0.000063397,6.43138E-05,-2.56533E-05,8.52888E-05,8.2665E-06,4.9187E-06,-0.000102666,-4.44428E-05,0.000109598,-4.2322E-06,-3.80827E-05,1.04054E-05,-8.42933E-05,8.22122E-05,1.74631E-05,5.16488E-05,0.000084447,5.55486E-05,0.000050503,-4.92914E-05,0.0000166,0.000128317,3.4533E-06,9.07616E-05,0.000103504,8.44019E-05,4.14318E-05,3.03667E-05,0.000031733,-9.28147E-05,5.55018E-05,-3.25631E-05,7.52068E-05,4.36404E-05,-3.51203E-05
65.1643478,0.000117607,1.44997E-05,-1.18525E-05,6.12146E-05,-7.96659E-05,-5.13875E-05,7.38394E-05,0.000119729,8.43322E-05,-1.94403E-05,4.7671E-06,0.0000914,0.00004138,5.43821E-05,-3.47091E-05,2.22571E-05,4.09342E-05,-6.27845E-05,-2.10639E-05,2.26508E-05,1.32876E-05,2.58225E-05,-4.08127E-05,6.71232E-05,1.80051E-05,-0.00012779,-9.95472E-05,-2.09754E-05,-7.09602E-05,-0.000111268,-7.6111E-06,5.50168E-05,1.09802E-05,2.93853E-05,-0.00010743,0.000016067,-7.42429E-05,-2.65442E-05,-4.22748E-05,-6.1891E-06,-0.000102526,-0.000111361,-0.000090601,3.10698E-05,-4.34401E-05,-7.97335E-05,-1.89523E-05,-6.57353E-05,-2.48445E-05,-0.000111413,-9.67264E-05,4.52609E-05,-0.000104785,-0.000160375,-0.000157851,-3.29957E-05,3.74299E-05,-5.70859E-05,-4.02339E-05,3.21876E-05,3.30907E-05,-2.65699E-05,-1.22599E-05,3.73068E-05,1.37046E-05,-0.000025432,-9.8911E-06,0.000150101,3.31972E-05,2.12426E-05,0.000052923,2.4822E-06,4.06998E-05,-1.54101E-05,-6.74724E-05,0.000156999,-3.29849E-05,-3.35808E-05,-2.34016E-05,4.78025E-05,-1.57441E-05,4.92433E-05,-2.24503E-05,0.000083449,-1.43552E-05,1.09772E-05,-3.18766E-05,0.000116389,4.85555E-05,-0.000103052,0.000000009,0.000181605,-5.41763E-05,-5.10081E-05,1.94767E-05,9.96886E-05,7.86971E-05,2.062E-07,5.91866E-05,6.28797E-05,0.000028352,1.61693E-05,0.000123338,0.000113812,-2.5889E-06,1.20278E-05,2.64712E-05,0.000117454,-7.74857E-05,-9.946E-07,5.03964E-05,-5.1705E-06,5.00411E-05,-2.51392E-05,-6.68234E-05,-9.72995E-05,8.21787E-05,-0.000108199,7.95603E-05,7.74177E-05,0.000137416,-9.39295E-05,0.000032014,6.89099E-05,6.18418E-05,-6.73076E-05,0.000139586
65.17428801,3.45353E-05,8.08677E-05,2.63411E-05,-2.80215E-05,-5.20742E-05,3.03663E-05,-5.4315E-06,4.70406E-05,9.98131E-05,0.000081802,5.05045E-05,-3.17469E-05,-5.30298E-05,0.000123186,6.29392E-05,0.0000594,-2.70686E-05,1.31917E-05,3.81283E-05,-2.14574E-05,1.57593E-05,-2.57816E-05,3.01248E-05,2.61981E-05,-4.02179E-05,2.5241E-06,-5.28995E-05,-8.92851E-05,-6.42036E-05,3.40909E-05,-6.7313E-06,-0.00007049,-0.000134292,5.69434E-05,-0.000183186,-0.000132113,-0.000113137,-4.44548E-05,2.21441E-05,1.28018E-05,-0.000207129,-0.000116527,5.04356E-05,-8.42622E-05,-0.000161234,-4.25292E-05,-2.67712E-05,-0.0001586,-8.5431E-06,-1.14146E-05,-1.71988E-05,-5.70172E-05,-0.000150193,-0.000074303,-7.0964E-06,-0.000161931,-0.000104981,-4.76637E-05,0.000156413,-1.22836E-05,-1.91526E-05,-4.3571E-06,3.01638E-05,8.279E-07,5.25102E-05,0.000078768,-1.18905E-05,-1.41436E-05,1.69418E-05,0.000115833,7.02415E-05,5.36567E-05,8.0093E-06,7.47982E-05,0.000146504,7.80502E-05,-0.000035761,7.60503E-05,1.31595E-05,5.04537E-05,-0.00007755,-3.55342E-05,-0.000129335,8.18717E-05,-7.61812E-05,6.0128E-06,4.53975E-05,-2.84657E-05,4.81658E-05,3.75309E-05,-6.59984E-05,3.63249E-05,4.321E-07,3.55085E-05,0.000021198,4.56305E-05,7.35144E-05,2.72816E-05,0.000097693,7.23723E-05,3.75791E-05,0.000105932,6.10737E-05,0.000125689,5.80504E-05,0.00006215,0.000112305,3.50076E-05,-8.90462E-05,5.76004E-05,0.000102916,5.31045E-05,-3.05877E-05,5.86013E-05,7.64887E-05,-0.000158025,4.67047E-05,1.01036E-05,-5.5985E-06,-0.000115549,-0.000104636,0.000109015,2.31132E-05,-0.000109472,-2.62106E-05,-0.000100553,3.47935E-05
65.18422822,-0.000153501,-3.88986E-05,-8.50065E-05,5.15712E-05,-0.000067413,-3.88998E-05,-4.52502E-05,-6.66053E-05,-2.90828E-05,8.7339E-06,-1.09002E-05,-0.000018249,-8.71715E-05,2.35636E-05,-2.18267E-05,-4.53556E-05,-4.22265E-05,-1.62781E-05,-0.000116874,-9.28954E-05,-0.000177387,-0.000146329,-0.000120047,-0.000139755,-0.000143566,-0.000182854,-0.000115566,-0.000252602,-0.000227678,-0.000127526,-5.28656E-05,-0.000181912,-0.000239025,-5.65345E-05,-0.000222388,-0.000192904,-0.000190289,-0.000120026,-0.000138492,-0.000207848,-0.000295922,-0.000115997,-9.13551E-05,-0.000130663,-0.000145082,-0.000174597,-0.000121954,-0.000251092,-0.000189307,-0.000107387,-0.000317455,-0.000235134,-0.000156498,-0.000104438,-0.000162282,-0.00024929,-0.000211699,-0.000127343,-9.95832E-05,8.421E-07,7.3624E-06,-6.81437E-05,-0.000135201,-0.000122003,-2.45564E-05,2.26609E-05,-0.000126325,1.47603E-05,-4.43201E-05,3.86882E-05,-2.88054E-05,-8.76258E-05,3.1148E-06,-5.58366E-05,0.000009625,-0.000104446,-0.000160044,-0.000155291,-0.000132021,-0.000108138,-0.000113554,-0.000159715,-0.000190677,-4.71281E-05,-0.000204663,-0.000132959,-0.000181941,-0.000178599,-0.000146928,-6.77072E-05,-7.84201E-05,-5.70542E-05,-8.90893E-05,-0.000163886,0.000006428,-9.84583E-05,-0.000138852,-0.000100966,-0.000113153,-9.48068E-05,-0.000123428,-0.000131107,-4.85965E-05,-8.99117E-05,-0.000074653,-0.000126071,-7.35772E-05,-9.96986E-05,-0.000118309,-8.12056E-05,-8.24488E-05,-6.38134E-05,-0.00015785,-0.000150433,-0.000235778,-0.000204183,-1.50048E-05,-8.31463E-05,-2.35031E-05,-0.000237075,-1.05385E-05,9.16794E-05,-5.14939E-05,-8.28865E-05,-4.4296E-06,-4.11341E-05,-6.07689E-05
65.19443528,5.29312E-05,5.52838E-05,3.71277E-05,1.02151E-05,0.000098773,2.77673E-05,7.45367E-05,0.000126163,3.00867E-05,-6.44181E-05,7.24328E-05,7.87928E-05,-3.00777E-05,5.97592E-05,3.54034E-05,0.000141686,0.000083994,0.000135841,1.38725E-05,9.55192E-05,4.34828E-05,3.57965E-05,-3.80844E-05,8.83392E-05,7.33023E-05,1.74068E-05,9.90196E-05,7.43482E-05,0.000104929,2.75091E-05,7.52392E-05,3.44479E-05,8.55141E-05,8.92525E-05,-6.74434E-05,0.000130435,9.1643E-06,-0.000051554,0.000027707,4.76679E-05,0.000117666,-8.4289E-06,0.00012285,0.000132638,1.93107E-05,-2.4685E-06,4.31003E-05,0.000168507,0.000079949,-8.45914E-05,1.67518E-05,9.60473E-05,3.98631E-05,-2.91005E-05,5.15934E-05,-1.14693E-05,4.29806E-05,9.6785E-06,5.97273E-05,0.000118609,-0.000031066,9.71891E-05,-2.36482E-05,0.000111251,0.000166118,-0.000069097,-8.86154E-05,0.000178112,3.37011E-05,5.13068E-05,2.95403E-05,4.38313E-05,6.27678E-05,1.38565E-05,0.000118748,0.000106244,0.000081301,9.47559E-05,3.5663E-06,0.000108529,1.17963E-05,6.00111E-05,7.90719E-05,0.000207908,2.60448E-05,-5.29328E-05,1.33406E-05,7.80552E-05,9.25839E-05,1.85726E-05,6.96606E-05,0.000031126,4.61238E-05,7.19585E-05,-3.4514E-06,1.7889E-06,4.16763E-05,9.5461E-06,0.000004262,3.59498E-05,3.64493E-05,-2.84779E-05,3.74803E-05,3.69041E-05,0.000111781,3.10171E-05,0.000174786,0.00013224,0.000127614,0.000166286,6.71882E-05,0.000170039,5.61386E-05,-7.34847E-05,-3.97086E-05,6.03415E-05,-2.55243E-05,-2.90304E-05,3.10058E-05,5.87018E-05,4.23317E-05,-9.47458E-05,5.74971E-05,4.07166E-05,3.512E-07,2.93012E-05,9.78149E-05
65.20437549,-2.92866E-05,8.18734E-05,-2.57474E-05,-4.69902E-05,6.39855E-05,4.37152E-05,5.31478E-05,-1.28702E-05,-0.000132983,-5.0066E-06,-5.58573E-05,-3.19124E-05,-1.21272E-05,2.26451E-05,0.000116182,7.80917E-05,-0.000056812,-4.48337E-05,4.20164E-05,-4.46855E-05,-4.3358E-06,-2.89981E-05,-1.5894E-06,-2.25029E-05,-9.14918E-05,9.4937E-06,-1.84281E-05,-0.000058325,-0.000135224,-0.000020034,-1.8611E-06,-5.80834E-05,-0.00011569,-2.33722E-05,-1.02801E-05,-0.000111349,-9.90396E-05,-1.49663E-05,5.3053E-06,4.70152E-05,-0.000106863,-2.90004E-05,-6.90445E-05,-2.12369E-05,2.5694E-06,-4.27812E-05,-0.000037106,-3.77518E-05,-0.00010795,-9.6968E-06,-2.0401E-06,-3.14659E-05,-0.000010892,1.05181E-05,5.51787E-05,-0.00017221,-6.81288E-05,-1.4227E-06,-3.79679E-05,0.000017997,-4.55709E-05,6.27861E-05,9.50674E-05,-5.10657E-05,-0.000039453,4.63497E-05,-6.21217E-05,4.49697E-05,1.49238E-05,3.56366E-05,-9.8154E-06,-4.8569E-06,-9.16674E-05,6.40955E-05,0.000134968,1.84248E-05,3.90666E-05,-1.37338E-05,-1.13257E-05,-1.00676E-05,-5.30438E-05,2.76094E-05,1.91303E-05,-1.65027E-05,-5.6012E-06,-3.89403E-05,-3.63414E-05,-0.00000472,-3.20055E-05,-0.000110979,-3.33509E-05,2.66693E-05,-2.0728E-06,-1.90537E-05,-3.48237E-05,-5.6936E-06,1.06729E-05,-4.0687E-06,-6.9266E-06,-0.000074663,1.55324E-05,1.8908E-06,-9.8766E-06,0.000026326,0.000109699,-2.87905E-05,-1.04809E-05,0.000108739,-7.79099E-05,-0.000039396,-0.000102243,-3.47609E-05,-1.89692E-05,5.89462E-05,0.000107007,-4.90796E-05,3.92338E-05,-1.54069E-05,0.000033528,-0.000141728,4.18991E-05,3.43406E-05,0.000049927,-4.34909E-05,-3.81647E-05,4.85454E-05,4.76663E-05
65.2143157,2.52057E-05,-7.78682E-05,3.2169E-06,1.60403E-05,-5.34365E-05,2.32383E-05,-5.24223E-05,-5.33747E-05,-0.00010877,-9.71952E-05,-5.91826E-05,-4.61113E-05,-2.76966E-05,-4.65519E-05,-0.00012848,-4.66275E-05,-2.82439E-05,5.04873E-05,-2.79779E-05,-2.84475E-05,-7.13818E-05,-1.81678E-05,-4.82834E-05,0.000005932,3.89214E-05,0.000118207,-7.71265E-05,7.24429E-05,9.63078E-05,3.87486E-05,-0.000010542,2.9377E-06,-6.0527E-06,-6.60657E-05,-5.11129E-05,-3.40362E-05,6.68844E-05,-0.000189589,-7.20681E-05,-0.000154614,-2.14616E-05,-3.78823E-05,-5.00045E-05,-6.17002E-05,-8.30238E-05,-5.22223E-05,-0.000122477,-0.000159455,-2.52429E-05,-4.19108E-05,-0.000117256,-6.12449E-05,0.000029906,-8.82902E-05,-8.85025E-05,8.1022E-06,-0.000113423,-0.000139098,-9.26377E-05,-0.000113866,-6.96117E-05,-0.000143217,-0.000105612,-8.63105E-05,-8.07581E-05,-8.88838E-05,-0.000029965,-4.70895E-05,-0.000121066,-8.44444E-05,-0.000171707,-0.000119506,-0.000112625,-3.63241E-05,-0.000247288,-0.00012993,-5.15345E-05,-5.02179E-05,5.652E-07,-1.95086E-05,-5.53834E-05,1.10735E-05,-9.64246E-05,1.52786E-05,-4.5582E-06,2.7645E-06,-5.44581E-05,-4.06974E-05,-5.26237E-05,-1.84475E-05,-6.55081E-05,-2.53465E-05,4.46161E-05,-9.55417E-05,6.2426E-06,-9.11478E-05,-4.69883E-05,-2.93807E-05,-9.22504E-05,-5.24413E-05,-1.26151E-05,-0.000125602,-5.00651E-05,-8.66972E-05,7.75307E-05,-4.76658E-05,-6.49215E-05,-4.56277E-05,-6.73613E-05,-9.73732E-05,-5.26314E-05,-7.7244E-06,-3.01813E-05,-2.94266E-05,-2.63695E-05,0.000120724,-1.33114E-05,-3.65478E-05,-2.16743E-05,5.6956E-06,-8.09972E-05,-0.000179054,-0.000103796,-8.21415E-05,-5.88865E-05,1.10375E-05,-1.25016E-05
65.22425591,-3.81819E-05,1.29862E-05,5.44502E-05,-2.95837E-05,5.43532E-05,0.000023686,3.69181E-05,-1.2663E-06,1.3434E-06,-2.76355E-05,-1.92064E-05,-5.8225E-06,-6.44504E-05,-8.82651E-05,3.07381E-05,-1.76789E-05,-0.000114462,-7.94693E-05,-6.55483E-05,0.000000096,-2.41148E-05,-6.19789E-05,1.31277E-05,-1.87646E-05,-2.93091E-05,-9.35384E-05,-5.82581E-05,-2.70683E-05,-8.15531E-05,-5.50627E-05,0.000079462,2.74122E-05,-5.38881E-05,-0.000101413,3.25382E-05,3.09597E-05,6.9312E-06,-9.02204E-05,4.87431E-05,4.57204E-05,-7.11535E-05,-2.86759E-05,-1.09361E-05,-7.06467E-05,-0.000104201,-0.000153817,-0.000080141,-8.67753E-05,-8.62916E-05,-8.91778E-05,-4.02785E-05,-0.000007543,-3.99568E-05,-6.97926E-05,-0.000111527,5.00745E-05,-7.83744E-05,-0.000124895,-4.66022E-05,-0.000132761,-0.000127083,-0.0001091,7.2961E-06,-3.24832E-05,-0.000132995,-0.000162792,1.00986E-05,-0.000163986,-5.56221E-05,-0.000049114,0.000049444,2.82941E-05,-0.00009207,-0.000110792,7.68434E-05,-7.64647E-05,-9.13692E-05,-6.03173E-05,-5.49516E-05,-0.000137429,-7.19543E-05,-3.21556E-05,4.47532E-05,-3.77637E-05,-7.1846E-06,2.37853E-05,6.99077E-05,0.000100409,6.06987E-05,-1.86206E-05,-0.000003192,-5.78853E-05,-0.00014079,-0.000010364,0.000114799,-4.96287E-05,-4.78274E-05,-0.000066391,-2.68977E-05,-8.60962E-05,-0.000102894,-0.000147805,-1.78872E-05,-3.36581E-05,-3.14617E-05,-0.000108626,-6.90871E-05,-5.77323E-05,-0.000064096,-0.000108236,-1.26885E-05,3.67539E-05,-5.44245E-05,-0.00010973,-7.99603E-05,-5.13595E-05,-0.000142233,-8.79571E-05,2.32758E-05,2.48662E-05,-3.42086E-05,-7.73655E-05,-0.000061585,-4.07212E-05,-0.000140322,-0.000021295,-3.67892E-05
65.23419612,-7.5227E-06,4.31994E-05,4.27668E-05,0.00000473,4.55084E-05,6.80697E-05,1.16455E-05,3.20165E-05,9.05741E-05,-1.38931E-05,-9.1156E-06,1.28662E-05,3.96838E-05,0.000022498,-4.38874E-05,5.6732E-06,-3.98223E-05,-3.8062E-06,2.16021E-05,-2.43635E-05,8.0902E-06,-4.36559E-05,-7.5208E-06,0.000108048,-0.000110128,-1.60567E-05,-8.19838E-05,-2.19645E-05,-8.72554E-05,5.74574E-05,4.5529E-06,-2.58445E-05,-1.04133E-05,5.03396E-05,-0.000007167,4.12952E-05,-8.25358E-05,-2.85245E-05,-0.000017285,-5.71063E-05,2.251E-07,-5.00527E-05,5.3288E-06,2.51461E-05,-0.000100157,1.3592E-06,8.9608E-06,-2.9329E-06,-0.000125295,2.70465E-05,5.83013E-05,2.33129E-05,-6.15994E-05,-5.70258E-05,-4.89552E-05,-0.000159661,-0.000064864,-4.78707E-05,7.7146E-06,5.09742E-05,-0.000251698,-0.000118834,2.76491E-05,-4.66072E-05,-5.39653E-05,3.72832E-05,-2.37923E-05,5.49625E-05,3.13445E-05,0.000008175,3.5889E-06,0.000050535,-3.4105E-06,0.00004912,5.6444E-06,1.19076E-05,-4.41295E-05,0.000063397,2.80299E-05,8.56323E-05,3.83929E-05,2.78087E-05,7.4151E-06,4.90755E-05,3.8944E-06,-6.84676E-05,-0.000153173,7.55E-08,7.1871E-06,-7.23001E-05,-8.90402E-05,-0.000024133,-7.6791E-06,-8.59863E-05,-2.50215E-05,3.74663E-05,4.91994E-05,0.000105949,-1.40269E-05,-2.87145E-05,6.78537E-05,2.01476E-05,6.0802E-06,6.20032E-05,3.20762E-05,8.81717E-05,-0.000017786,6.29482E-05,-5.10003E-05,5.12059E-05,5.87921E-05,5.93011E-05,-6.02979E-05,-2.66187E-05,-1.17308E-05,-4.13935E-05,-0.000140869,-0.000028118,-9.4044E-06,-5.4769E-06,-5.35972E-05,-0.000004183,4.88768E-05,1.89029E-05,-4.17285E-05,-2.28233E-05,2.4721E-06
65.24420304,0.000036503,-2.27947E-05,7.74864E-05,0.000132949,8.06418E-05,2.35394E-05,6.83678E-05,0.000120534,0.000109731,8.65996E-05,0.000111179,9.40801E-05,6.08104E-05,6.27681E-05,0.000038013,0.000147446,4.32989E-05,1.10915E-05,-1.21034E-05,-1.85454E-05,0.000137391,-0.000016343,7.29502E-05,0.00015376,1.79097E-05,0.000111439,0.000119257,0.000114277,3.36228E-05,0.0001196,5.96915E-05,0.000135593,0.000162666,0.000272244,0.000134694,0.000142827,0.000152178,4.20805E-05,-4.704E-07,0.000223122,4.53277E-05,-0.000002298,5.72677E-05,0.000189506,8.79509E-05,4.19237E-05,0.000151359,0.000204758,0.000163098,8.06237E-05,0.000196865,0.000166701,0.000158754,5.47869E-05,0.00015762,0.000245616,0.000179701,0.00010649,6.64571E-05,0.000230256,9.98078E-05,0.000125235,0.000119849,0.000187571,8.21726E-05,0.000056101,7.67334E-05,0.00016846,0.000193657,0.000109922,7.35122E-05,0.00016752,6.48278E-05,7.61339E-05,0.000141811,0.000151547,0.000149538,0.000100971,0.00018156,0.000164439,7.46246E-05,0.000039082,6.1597E-06,0.000107984,7.08522E-05,0.000118123,0.000204137,0.000149597,0.000150485,7.62783E-05,7.49752E-05,7.35537E-05,8.90965E-05,9.80506E-05,0.000157704,8.39561E-05,0.000105295,0.000180289,3.70476E-05,0.000180185,0.000197562,0.000122708,0.000113446,0.000131939,0.000185934,5.26827E-05,0.000059046,0.000125033,8.87931E-05,4.56203E-05,7.35857E-05,0.000128088,8.75108E-05,5.16758E-05,0.000171634,0.000125936,0.000188995,2.7712E-06,0.00014638,0.000173793,0.000035641,7.91546E-05,0.000151946,0.000250636,0.000138071,-5.2098E-06,0.000125305
,,,,,,,,,,,,,,,,,,,,,,,,,,,,,,,,,,,,,,,,,,,,,,,,,,,,,,,,,,,,,,,,,,,,,,,,,,,,,,,,,,,,,,,,,,,,,,,,,,,,,,,,,,,,,,,,,,,,,,,,,,,,,,,
,,,,,,,,,,,,,,,,,,,,,,,,,,,,,,,,,,,,,,,,,,,,,,,,,,,,,,,,,,,,,,,,,,,,,,,,,,,,,,,,,,,,,,,,,,,,,,,,,,,,,,,,,,,,,,,,,,,,,,,,,,,,,,,
,,,,,,,,,,,,,,,,,,,,,,,,,,,,,,,,,,,,,,,,,,,,,,,,,,,,,,,,,,,,,,,,,,,,,,,,,,,,,,,,,,,,,,,,,,,,,,,,,,,,,,,,,,,,,,,,,,,,,,,,,,,,,,,
,,,,,,,,,,,,,,,,,,,,,,,,,,,,,,,,,,,,,,,,,,,,,,,,,,,,,,,,,,,,,,,,,,,,,,,,,,,,,,,,,,,,,,,,,,,,,,,,,,,,,,,,,,,,,,,,,,,,,,,,,,,,,,,
,,,,,,,,,,,,,,,,,,,,,,,,,,,,,,,,,,,,,,,,,,,,,,,,,,,,,,,,,,,,,,,,,,,,,,,,,,,,,,,,,,,,,,,,,,,,,,,,,,,,,,,,,,,,,,,,,,,,,,,,,,,,,,,
,,,,,,,,,,,,,,,,,,,,,,,,,,,,,,,,,,,,,,,,,,,,,,,,,,,,,,,,,,,,,,,,,,,,,,,,,,,,,,,,,,,,,,,,,,,,,,,,,,,,,,,,,,,,,,,,,,,,,,,,,,,,,,,
,,,,,,,,,,,,,,,,,,,,,,,,,,,,,,,,,,,,,,,,,,,,,,,,,,,,,,,,,,,,,,,,,,,,,,,,,,,,,,,,,,,,,,,,,,,,,,,,,,,,,,,,,,,,,,,,,,,,,,,,,,,,,,,
,,,,,,,,,,,,,,,,,,,,,,,,,,,,,,,,,,,,,,,,,,,,,,,,,,,,,,,,,,,,,,,,,,,,,,,,,,,,,,,,,,,,,,,,,,,,,,,,,,,,,,,,,,,,,,,,,,,,,,,,,,,,,,,
,,,,,,,,,,,,,,,,,,,,,,,,,,,,,,,,,,,,,,,,,,,,,,,,,,,,,,,,,,,,,,,,,,,,,,,,,,,,,,,,,,,,,,,,,,,,,,,,,,,,,,,,,,,,,,,,,,,,,,,,,,,,,,,
,,,,,,,,,,,,,,,,,,,,,,,,,,,,,,,,,,,,,,,,,,,,,,,,,,,,,,,,,,,,,,,,,,,,,,,,,,,,,,,,,,,,,,,,,,,,,,,,,,,,,,,,,,,,,,,,,,,,,,,,,,,,,,,
,,,,,,,,,,,,,,,,,,,,,,,,,,,,,,,,,,,,,,,,,,,,,,,,,,,,,,,,,,,,,,,,,,,,,,,,,,,,,,,,,,,,,,,,,,,,,,,,,,,,,,,,,,,,,,,,,,,,,,,,,,,,,,,
,,,,,,,,,,,,,,,,,,,,,,,,,,,,,,,,,,,,,,,,,,,,,,,,,,,,,,,,,,,,,,,,,,,,,,,,,,,,,,,,,,,,,,,,,,,,,,,,,,,,,,,,,,,,,,,,,,,,,,,,,,,,,,,
,,,,,,,,,,,,,,,,,,,,,,,,,,,,,,,,,,,,,,,,,,,,,,,,,,,,,,,,,,,,,,,,,,,,,,,,,,,,,,,,,,,,,,,,,,,,,,,,,,,,,,,,,,,,,,,,,,,,,,,,,,,,,,,
,,,,,,,,,,,,,,,,,,,,,,,,,,,,,,,,,,,,,,,,,,,,,,,,,,,,,,,,,,,,,,,,,,,,,,,,,,,,,,,,,,,,,,,,,,,,,,,,,,,,,,,,,,,,,,,,,,,,,,,,,,,,,,,
,,,,,,,,,,,,,,,,,,,,,,,,,,,,,,,,,,,,,,,,,,,,,,,,,,,,,,,,,,,,,,,,,,,,,,,,,,,,,,,,,,,,,,,,,,,,,,,,,,,,,,,,,,,,,,,,,,,,,,,,,,,,,,,
,,,,,,,,,,,,,,,,,,,,,,,,,,,,,,,,,,,,,,,,,,,,,,,,,,,,,,,,,,,,,,,,,,,,,,,,,,,,,,,,,,,,,,,,,,,,,,,,,,,,,,,,,,,,,,,,,,,,,,,,,,,,,,,
,,,,,,,,,,,,,,,,,,,,,,,,,,,,,,,,,,,,,,,,,,,,,,,,,,,,,,,,,,,,,,,,,,,,,,,,,,,,,,,,,,,,,,,,,,,,,,,,,,,,,,,,,,,,,,,,,,,,,,,,,,,,,,,
,,,,,,,,,,,,,,,,,,,,,,,,,,,,,,,,,,,,,,,,,,,,,,,,,,,,,,,,,,,,,,,,,,,,,,,,,,,,,,,,,,,,,,,,,,,,,,,,,,,,,,,,,,,,,,,,,,,,,,,,,,,,,,,
,,,,,,,,,,,,,,,,,,,,,,,,,,,,,,,,,,,,,,,,,,,,,,,,,,,,,,,,,,,,,,,,,,,,,,,,,,,,,,,,,,,,,,,,,,,,,,,,,,,,,,,,,,,,,,,,,,,,,,,,,,,,,,,
,,,,,,,,,,,,,,,,,,,,,,,,,,,,,,,,,,,,,,,,,,,,,,,,,,,,,,,,,,,,,,,,,,,,,,,,,,,,,,,,,,,,,,,,,,,,,,,,,,,,,,,,,,,,,,,,,,,,,,,,,,,,,,,
,,,,,,,,,,,,,,,,,,,,,,,,,,,,,,,,,,,,,,,,,,,,,,,,,,,,,,,,,,,,,,,,,,,,,,,,,,,,,,,,,,,,,,,,,,,,,,,,,,,,,,,,,,,,,,,,,,,,,,,,,,,,,,,
,,,,,,,,,,,,,,,,,,,,,,,,,,,,,,,,,,,,,,,,,,,,,,,,,,,,,,,,,,,,,,,,,,,,,,,,,,,,,,,,,,,,,,,,,,,,,,,,,,,,,,,,,,,,,,,,,,,,,,,,,,,,,,,
,,,,,,,,,,,,,,,,,,,,,,,,,,,,,,,,,,,,,,,,,,,,,,,,,,,,,,,,,,,,,,,,,,,,,,,,,,,,,,,,,,,,,,,,,,,,,,,,,,,,,,,,,,,,,,,,,,,,,,,,,,,,,,,
,,,,,,,,,,,,,,,,,,,,,,,,,,,,,,,,,,,,,,,,,,,,,,,,,,,,,,,,,,,,,,,,,,,,,,,,,,,,,,,,,,,,,,,,,,,,,,,,,,,,,,,,,,,,,,,,,,,,,,,,,,,,,,,
,,,,,,,,,,,,,,,,,,,,,,,,,,,,,,,,,,,,,,,,,,,,,,,,,,,,,,,,,,,,,,,,,,,,,,,,,,,,,,,,,,,,,,,,,,,,,,,,,,,,,,,,,,,,,,,,,,,,,,,,,,,,,,,
,,,,,,,,,,,,,,,,,,,,,,,,,,,,,,,,,,,,,,,,,,,,,,,,,,,,,,,,,,,,,,,,,,,,,,,,,,,,,,,,,,,,,,,,,,,,,,,,,,,,,,,,,,,,,,,,,,,,,,,,,,,,,,,
,,,,,,,,,,,,,,,,,,,,,,,,,,,,,,,,,,,,,,,,,,,,,,,,,,,,,,,,,,,,,,,,,,,,,,,,,,,,,,,,,,,,,,,,,,,,,,,,,,,,,,,,,,,,,,,,,,,,,,,,,,,,,,,
,,,,,,,,,,,,,,,,,,,,,,,,,,,,,,,,,,,,,,,,,,,,,,,,,,,,,,,,,,,,,,,,,,,,,,,,,,,,,,,,,,,,,,,,,,,,,,,,,,,,,,,,,,,,,,,,,,,,,,,,,,,,,,,
,,,,,,,,,,,,,,,,,,,,,,,,,,,,,,,,,,,,,,,,,,,,,,,,,,,,,,,,,,,,,,,,,,,,,,,,,,,,,,,,,,,,,,,,,,,,,,,,,,,,,,,,,,,,,,,,,,,,,,,,,,,,,,,
,,,,,,,,,,,,,,,,,,,,,,,,,,,,,,,,,,,,,,,,,,,,,,,,,,,,,,,,,,,,,,,,,,,,,,,,,,,,,,,,,,,,,,,,,,,,,,,,,,,,,,,,,,,,,,,,,,,,,,,,,,,,,,,
,,,,,,,,,,,,,,,,,,,,,,,,,,,,,,,,,,,,,,,,,,,,,,,,,,,,,,,,,,,,,,,,,,,,,,,,,,,,,,,,,,,,,,,,,,,,,,,,,,,,,,,,,,,,,,,,,,,,,,,,,,,,,,,
,,,,,,,,,,,,,,,,,,,,,,,,,,,,,,,,,,,,,,,,,,,,,,,,,,,,,,,,,,,,,,,,,,,,,,,,,,,,,,,,,,,,,,,,,,,,,,,,,,,,,,,,,,,,,,,,,,,,,,,,,,,,,,,
,,,,,,,,,,,,,,,,,,,,,,,,,,,,,,,,,,,,,,,,,,,,,,,,,,,,,,,,,,,,,,,,,,,,,,,,,,,,,,,,,,,,,,,,,,,,,,,,,,,,,,,,,,,,,,,,,,,,,,,,,,,,,,,
,,,,,,,,,,,,,,,,,,,,,,,,,,,,,,,,,,,,,,,,,,,,,,,,,,,,,,,,,,,,,,,,,,,,,,,,,,,,,,,,,,,,,,,,,,,,,,,,,,,,,,,,,,,,,,,,,,,,,,,,,,,,,,,
,,,,,,,,,,,,,,,,,,,,,,,,,,,,,,,,,,,,,,,,,,,,,,,,,,,,,,,,,,,,,,,,,,,,,,,,,,,,,,,,,,,,,,,,,,,,,,,,,,,,,,,,,,,,,,,,,,,,,,,,,,,,,,,
,,,,,,,,,,,,,,,,,,,,,,,,,,,,,,,,,,,,,,,,,,,,,,,,,,,,,,,,,,,,,,,,,,,,,,,,,,,,,,,,,,,,,,,,,,,,,,,,,,,,,,,,,,,,,,,,,,,,,,,,,,,,,,,
,,,,,,,,,,,,,,,,,,,,,,,,,,,,,,,,,,,,,,,,,,,,,,,,,,,,,,,,,,,,,,,,,,,,,,,,,,,,,,,,,,,,,,,,,,,,,,,,,,,,,,,,,,,,,,,,,,,,,,,,,,,,,,,
,,,,,,,,,,,,,,,,,,,,,,,,,,,,,,,,,,,,,,,,,,,,,,,,,,,,,,,,,,,,,,,,,,,,,,,,,,,,,,,,,,,,,,,,,,,,,,,,,,,,,,,,,,,,,,,,,,,,,,,,,,,,,,,
