0,1370.973744,1371.9537,1372.935057,1373.917819,1374.901989,1375.887571,1376.874566,1377.862978,1378.85281,1379.844066,1380.836748,1381.830859,1382.826403,1383.823382,1384.821799,1385.821659,1386.822963,1387.825716,1388.829919,1389.835577,1390.842692,1391.851268,1392.861307,1393.872814,1394.885791,1395.900241,1396.916168,1397.933575,1398.952465,1399.972841,1400.994707,1402.018065,1403.04292,1404.069274,1405.097131,1406.126493,1407.157365,1408.18975,1409.223651,1410.259071,1411.296014,1412.334482,1413.37448,1414.416011,1415.459078,1416.503685,1417.549834,1418.59753,1419.646776,1420.697575,1421.749931,1422.803847,1423.859326,1424.916373,1425.97499,1427.035182,1428.096951,1429.160301,1430.225236,1431.29176,1432.359875,1433.429585,1434.500894,1435.573806,1436.648324,1437.724452,1438.802193,1439.881552,1440.96253,1442.045133,1443.129364,1444.215227,1445.302725,1446.391862,1447.482642,1448.575068,1449.669144,1450.764875,1451.862263,1452.961312,1454.062026,1455.16441,1456.268466,1457.374199,1458.481613,1459.59071,1460.701496,1461.813974,1462.928147,1464.04402,1465.161597,1466.280881,1467.401877,1468.524588,1469.649019,1470.775172,1471.903053,1473.032665,1474.164012,1475.297099,1476.431928,1477.568505,1478.706833,1479.846916,1480.988759,1482.132365,1483.277739,1484.424884,1485.573805,1486.724506,1487.876991,1489.031264,1490.18733,1491.345192,1492.504854,1493.666322,1494.829598,1495.994688,1497.161596,1498.330325,1499.500881,1500.673267,1501.847487,1503.023547,1504.20145,1505.3812,1506.562803,1507.746262,1526.455717,1527.670648,1528.887514,1530.106321,1531.327073,1532.549774,1533.774429,1535.001043,1536.22962,1537.460166,1538.692685,1539.927181,1541.16366,1542.402126,1543.642584,1544.885039,1546.129495,1547.375958,1548.624433,1549.874924,1551.127435,1552.381973,1553.638542,1554.897147,1556.157793,1557.420484,1558.685226,1559.952024,1561.220883,1562.491808,1563.764804,1565.039875,1566.317028,1567.596267,1568.877597,1570.161023,1571.446551,1572.734186,1574.023932,1575.315796,1576.609782,1577.905895,1579.204142,1580.504526,1581.807054,1583.11173,1584.418561,1585.72755,1587.038704,1588.352029,1589.667529,1590.985209,1592.305076,1593.627135,1594.951391,1596.277849,1597.606516,1598.937396,1600.270496,1601.60582,1602.943375,1604.283165,1605.625197,1606.969477,1608.316009,1609.6648,1611.015855,1612.369179,1613.72478,1615.082661,1616.44283,1617.805292,1619.170053,1620.537118,1621.906493,1623.278185,1624.652198,1626.02854,1627.407216,1628.788231,1630.171593,1631.557306,1632.945377,1634.335812,1635.728617,1637.123798,1638.521361,1639.921312,1641.323657,1642.728403,1644.135555,1645.54512,1646.957104,1648.371514,1649.788354,1651.207633,1652.629356,1654.053529,1655.480158,1656.909251,1658.340813,1659.774851,1661.211372,1662.650381,1664.091885,1665.535891,1666.982406,1668.431435,1669.882985,1671.337064,1672.793676,1674.252831,1675.714532,1677.178789,1678.645606,1680.114992,1681.586952,1683.061494,1684.538623,1686.018348,1687.500675,1688.985611,1690.473162,1691.963336,1693.45614,1694.951579,1696.449663,1697.950397
157.6000288,7.90951E-05,3.28749E-05,1.19687E-05,-3.894E-07,2.64516E-05,1.68191E-05,9.2982E-06,3.831E-07,4.91561E-05,-6.34973E-05,-4.0879E-06,3.37063E-05,4.30827E-05,4.93457E-05,4.70048E-05,3.1511E-06,3.21822E-05,8.02164E-05,9.8964E-06,4.73249E-05,3.35176E-05,1.81668E-05,4.21622E-05,2.73805E-05,3.34503E-05,3.88852E-05,1.37674E-05,-5.06219E-05,8.0766E-06,4.45605E-05,1.98138E-05,3.667E-07,0.000043347,7.5606E-06,-1.7631E-06,-1.27107E-05,1.07708E-05,1.03393E-05,9.9707E-06,2.97039E-05,0.000042627,3.97998E-05,7.33421E-05,6.32538E-05,6.53314E-05,5.43913E-05,6.73055E-05,2.82762E-05,6.51233E-05,9.4558E-06,-1.53215E-05,7.6453E-06,6.4513E-06,4.04318E-05,-2.65239E-05,1.85653E-05,-2.5269E-06,5.26166E-05,5.6437E-06,-5.7632E-06,7.4056E-06,1.76368E-05,-2.30519E-05,1.98657E-05,1.66591E-05,2.38739E-05,2.40902E-05,1.96762E-05,4.99843E-05,5.93996E-05,1.09521E-05,2.9817E-06,3.48555E-05,1.14564E-05,1.45406E-05,-1.80166E-05,0.000021891,3.47303E-05,4.79283E-05,5.85949E-05,2.75638E-05,2.30048E-05,5.01218E-05,0.000046788,1.33425E-05,5.23277E-05,1.32689E-05,2.80171E-05,0.000023332,6.9348E-06,1.34467E-05,3.78093E-05,-1.39665E-05,-1.65224E-05,0.0000045,-1.437E-07,4.51903E-05,-4.0553E-06,1.07616E-05,-9.6567E-06,3.24894E-05,3.49115E-05,5.5183E-06,4.10331E-05,4.38666E-05,5.99411E-05,7.02188E-05,5.57403E-05,5.48698E-05,0.000056702,8.57132E-05,4.24777E-05,4.41452E-05,0.000050354,0.000108955,7.29097E-05,3.26264E-05,0.000055887,5.46738E-05,4.32519E-05,0.000107691,0.00015996,0.000146792,0.000114184,0.00011152,6.10936E-05,0.000041783,0.000047323,0.00026412,0.000250882,0.00029642,0.000273677,0.000297057,0.000315442,0.000271971,0.000236082,0.000233715,0.000235632,0.000286686,0.000257043,0.000290631,0.000308534,0.0002754,0.000294435,0.000328117,0.000340305,0.000376301,0.000418019,0.000344887,0.000376764,0.000354098,0.000374886,0.000362308,0.000379775,0.000329184,0.000331689,0.00030984,0.000303428,0.000373709,0.000344134,0.000338019,0.00032869,0.00035458,0.000333903,0.000289682,0.000306519,0.000341779,0.000299877,0.000321742,0.000340504,0.000312518,0.000301446,0.000237452,0.000288025,0.000307858,0.00030991,0.000231311,0.000347168,0.00029481,0.000310874,0.000321518,0.000334418,0.000310776,0.000314891,0.000363102,0.000365625,0.000316735,0.000349812,0.000405866,0.000409802,0.000360185,0.00036107,0.000369547,0.000422534,0.000407321,0.000377149,0.000413005,0.000392574,0.000344761,0.000396906,0.00039997,0.000412876,0.000356005,0.000360622,0.000329358,0.000403413,0.000381425,0.000423109,0.000369357,0.000375309,0.00039316,0.000391131,0.000308416,0.000352288,0.00033915,0.000352081,0.00031848,0.000305882,0.000332651,0.00032244,0.000267296,0.000243436,0.000238648,0.000188786,0.000171216,0.00016032,0.000137557,0.000159869,0.000106059,0.000130288,0.000148629,0.000186244,0.000174746,0.000188701,0.000185165,0.0001364,0.000170806,0.000202035,0.000164375,0.000180563,0.000205623,0.000240385,0.00021247,0.000181076,0.00010945,0.000161486,0.000203803,0.000235827,0.000239369,0.000206659,0.000246464,0.000194634,0.000173828,0.000198486,0.00014905,0.000214587
157.5848182,3.28901E-05,9.40791E-05,5.49362E-05,4.4376E-06,4.19466E-05,6.84492E-05,9.69918E-05,0.000124688,6.75401E-05,0.000111576,8.24347E-05,0.000090228,3.36669E-05,2.12821E-05,7.06992E-05,7.47961E-05,0.000073891,0.000105712,6.15889E-05,4.97603E-05,7.81846E-05,2.47142E-05,4.35941E-05,3.28615E-05,8.77956E-05,7.53817E-05,5.81346E-05,4.10861E-05,0.000060007,4.82314E-05,8.71573E-05,0.000070101,8.34906E-05,5.92001E-05,0.000078205,3.66638E-05,0.00003832,3.09174E-05,4.69114E-05,5.39781E-05,6.01589E-05,1.03736E-05,6.41942E-05,7.60529E-05,1.68884E-05,1.31343E-05,0.000030156,-4.9939E-06,8.6133E-06,1.11136E-05,1.05204E-05,1.29575E-05,3.15535E-05,3.83854E-05,1.6947E-06,1.77903E-05,3.20087E-05,4.6474E-06,7.6093E-06,4.68749E-05,-8.3484E-06,-7.28E-08,-2.4251E-06,2.43029E-05,3.06946E-05,8.2608E-06,-4.61E-08,-4.59896E-05,6.4806E-06,1.50725E-05,4.48707E-05,4.36266E-05,5.14359E-05,8.4506E-06,-7.7927E-06,4.12718E-05,3.39287E-05,9.14224E-05,3.61003E-05,2.57734E-05,4.15212E-05,5.0058E-06,6.79672E-05,6.52696E-05,2.09435E-05,7.0188E-06,3.76305E-05,7.39374E-05,0.00000544,1.09079E-05,1.32182E-05,-1.8373E-06,2.27641E-05,3.86181E-05,2.94354E-05,8.16376E-05,0.000041874,5.54193E-05,9.23961E-05,8.79741E-05,0.000109731,0.000116752,0.000130208,0.000116768,0.000161811,0.000126141,0.000152127,0.000127837,0.000139666,0.000147274,0.000183933,0.000190028,0.00017705,0.000213349,0.000229481,0.000215089,0.000261731,0.00025878,0.000199967,0.000195283,0.000174439,0.000182385,0.000269855,0.000240255,0.000241144,0.000227983,0.000277836,0.000258887,0.000365786,0.000337807,0.000370868,0.000377818,0.000325818,0.000315028,0.00032138,0.000294941,0.00030595,0.000291276,0.000325789,0.000363406,0.000328133,0.000323672,0.000389588,0.000402044,0.000422554,0.00046147,0.000455813,0.000464887,0.000386763,0.000430492,0.000417561,0.0004743,0.000421858,0.000446116,0.000377702,0.000394597,0.000382977,0.000423913,0.000397942,0.000445046,0.000408127,0.000393367,0.000418766,0.00038279,0.000402859,0.000369285,0.000360381,0.000366381,0.000359829,0.000347603,0.000276205,0.000326316,0.000305706,0.00033859,0.000361454,0.000333701,0.000344407,0.000349659,0.00032949,0.000355429,0.000346461,0.000389112,0.000340208,0.000350691,0.000357304,0.000383803,0.000372612,0.000403064,0.000396527,0.00043174,0.000336551,0.000355526,0.000418502,0.000454334,0.000398544,0.000403536,0.000435401,0.000442944,0.000365204,0.000415895,0.00039768,0.00041566,0.000400779,0.000413452,0.000413586,0.000403418,0.000381448,0.00044472,0.000416005,0.000415205,0.000418322,0.000387075,0.000393387,0.000396347,0.000413142,0.00041938,0.000448279,0.000367433,0.000381939,0.000354045,0.000281971,0.00026779,0.00027589,0.000233806,0.000210018,0.000208559,0.000169739,0.000174755,0.000185109,0.000185285,0.000203283,0.000220303,0.000222062,0.000198005,0.00018928,0.00017257,0.000195952,0.000213245,0.000177282,0.000199677,0.000214063,0.000194505,0.000187769,0.000154903,0.000145578,0.000225045,0.000196895,0.000222477,0.000249027,0.000189818,0.000197991,0.000210236,0.000261782,0.000183685,0.000217573,0.000236453
157.5714757,4.86111E-05,5.53675E-05,4.68344E-05,1.98586E-05,2.07858E-05,4.26334E-05,4.15317E-05,4.20512E-05,1.81235E-05,7.9934E-06,6.16064E-05,6.12541E-05,3.30027E-05,1.38014E-05,0.000051308,5.22362E-05,4.36347E-05,4.46352E-05,3.51857E-05,4.30587E-05,9.1645E-06,2.49139E-05,5.66215E-05,5.39095E-05,1.84741E-05,1.93434E-05,2.84844E-05,0.000036116,2.22159E-05,5.46978E-05,4.74087E-05,3.49495E-05,3.20036E-05,4.17906E-05,1.29421E-05,4.70697E-05,3.64593E-05,5.27503E-05,0.000043585,1.81956E-05,5.56249E-05,9.6269E-06,3.46495E-05,5.56524E-05,0.000001754,5.05312E-05,-0.00000532,3.07254E-05,4.81686E-05,0.000022953,-5.1397E-06,-9.6593E-06,2.25728E-05,2.97339E-05,-0.00000963,0.000003552,1.41337E-05,1.0701E-06,1.83065E-05,0.000019228,-1.3954E-06,3.06935E-05,1.75787E-05,-0.000006913,-1.18442E-05,3.1474E-06,-2.9073E-06,1.36371E-05,3.4666E-06,1.02557E-05,6.1979E-06,4.84476E-05,4.9394E-06,2.56476E-05,1.91809E-05,1.42037E-05,-0.000027228,3.99444E-05,1.92652E-05,2.16733E-05,9.39125E-05,7.86089E-05,9.5697E-06,0.000006462,-2.10942E-05,0.000013953,3.3901E-06,1.21835E-05,3.83386E-05,3.9156E-06,5.24994E-05,6.86705E-05,1.53259E-05,1.82929E-05,2.03014E-05,9.9412E-06,5.44125E-05,3.85556E-05,-1.67368E-05,7.7946E-06,2.63925E-05,5.86035E-05,2.46145E-05,6.39937E-05,3.56326E-05,3.71785E-05,5.36739E-05,6.65337E-05,6.65487E-05,5.45875E-05,6.56887E-05,4.38881E-05,9.25044E-05,9.23954E-05,9.64973E-05,0.000114885,9.88478E-05,0.000112141,0.000102327,9.72527E-05,0.000136297,0.000124989,0.00012162,0.000156379,0.000150754,9.88714E-05,0.000102798,0.000097884,0.00014893,0.000116937,0.000154836,0.000171415,0.000134524,0.000152059,0.000173831,0.000216714,0.000171484,0.000238214,0.000191104,0.000154848,0.000130931,9.86047E-05,0.000133058,0.000197793,0.000208447,0.000234208,0.000206974,0.000235864,0.000209422,0.00026744,0.00021282,0.000203795,0.000221561,0.000186753,0.000173291,0.000210706,0.000209461,0.000220639,0.000197396,0.000216541,0.000278626,0.000263297,0.00024155,0.000232861,0.000268963,0.000277645,0.000301334,0.000244726,0.000257576,0.000310763,0.000345111,0.000300377,0.000332668,0.000338657,0.000372931,0.000369662,0.00031846,0.00036276,0.000352094,0.000376367,0.000370405,0.000360684,0.000397126,0.000378335,0.000391036,0.000391032,0.000394692,0.000397065,0.000394041,0.000418507,0.000439212,0.000399318,0.000448455,0.000447338,0.000405006,0.000378299,0.0003926,0.000437755,0.000422614,0.000433752,0.000360035,0.000448394,0.000435223,0.000447902,0.000438239,0.000435575,0.000317747,0.000334281,0.000378363,0.000355071,0.000284716,0.000312614,0.000249275,0.000237006,0.000285326,0.000298698,0.000276257,0.000220415,0.000217256,0.000196124,0.000153771,0.000107642,0.000127728,0.000130796,0.000121312,0.000129138,0.000054453,0.000101046,0.000116249,0.000098264,0.000130251,0.000177057,0.000163113,0.000193758,0.000215992,0.000194072,0.000213276,0.000211522,0.000284857,0.00028107,0.00027704,0.00029905,0.000266509,0.000242623,0.000285756,0.000339168,0.000297908,0.00036616,0.000306665,0.000329975,0.00030343,0.000320032,0.000260376,0.000268479,0.000279133,0.000390136
157.5596008,0.000050597,2.08043E-05,3.63895E-05,4.02282E-05,-1.69282E-05,0.00003409,5.17809E-05,2.59102E-05,3.44093E-05,9.55437E-05,4.69543E-05,4.87034E-05,0.00005969,3.91351E-05,4.58975E-05,2.60584E-05,0.000053524,4.63371E-05,7.88208E-05,0.000075027,4.78174E-05,5.37079E-05,2.00086E-05,3.08726E-05,0.00001729,3.52802E-05,0.000039452,1.33695E-05,5.28959E-05,1.9955E-06,3.01378E-05,0.000028444,4.67196E-05,0.000015926,2.85335E-05,4.63907E-05,-1.08718E-05,7.497E-07,2.52087E-05,7.93421E-05,7.69769E-05,0.00007273,1.25747E-05,4.28317E-05,0.000066079,2.14024E-05,3.72248E-05,2.91662E-05,-1.23563E-05,6.3921E-06,1.75017E-05,2.23517E-05,1.15697E-05,4.16115E-05,-2.2152E-06,4.3322E-06,3.18641E-05,9.57711E-05,3.34226E-05,2.94254E-05,2.74348E-05,3.51871E-05,-4.82793E-05,3.0861E-06,1.09422E-05,6.8227E-06,4.37756E-05,5.10457E-05,3.428E-07,-2.18318E-05,4.36216E-05,0.000037657,5.00153E-05,5.11289E-05,0.000049658,0.00009851,8.84459E-05,3.2759E-06,4.45316E-05,4.33056E-05,0.000006888,-1.40309E-05,-1.47232E-05,3.43489E-05,-0.000004012,-9.1633E-06,3.29114E-05,3.13585E-05,2.67939E-05,1.74737E-05,6.43144E-05,3.87261E-05,3.60092E-05,4.21395E-05,4.18384E-05,1.57535E-05,6.0375E-06,-0.000007996,6.18253E-05,6.91535E-05,4.04414E-05,6.13946E-05,5.58514E-05,6.09136E-05,7.43114E-05,8.34398E-05,4.33271E-05,4.49438E-05,3.16985E-05,7.04712E-05,9.36796E-05,0.000101376,6.31407E-05,0.000057333,8.81997E-05,8.05436E-05,0.000127399,0.000110048,0.000101595,7.13911E-05,0.000112958,9.27644E-05,0.000159477,0.000179996,0.000125116,0.000139901,0.000116539,0.000110242,0.000130225,9.45158E-05,9.99743E-05,0.000093214,0.000110098,0.00013416,0.00016104,0.000217386,0.000178461,0.000201475,0.000124853,8.74826E-05,0.000112147,1.79376E-05,5.46726E-05,7.33784E-05,7.64903E-05,0.000128251,0.000176833,0.000162857,0.000149662,0.000149998,0.000171754,0.000146103,0.000162311,0.000161598,0.00016597,0.000171132,0.000153736,0.000178468,0.00019025,0.000176491,0.0001918,0.00025369,0.00022331,0.00023592,0.000236002,0.000284825,0.000246778,0.00028026,0.000286434,0.000272744,0.000358711,0.000320137,0.000326308,0.0003368,0.000403486,0.000429494,0.000333784,0.000309205,0.000386917,0.000425169,0.000425453,0.000403727,0.00039038,0.000411276,0.000333838,0.000439768,0.000389386,0.000355453,0.000390771,0.000404881,0.000375505,0.000366755,0.000448931,0.000425488,0.000430686,0.000449476,0.000425259,0.000476496,0.000406509,0.000429765,0.000429527,0.000413285,0.000417414,0.000422978,0.000365125,0.000396173,0.000388929,0.00042426,0.000375751,0.000347069,0.000336473,0.000317716,0.000226681,0.000267955,0.000263623,0.000253144,0.000228263,0.000165512,0.000157054,0.000169877,0.000109584,0.000106436,0.000106694,4.36685E-05,1.06331E-05,7.30393E-05,9.88504E-05,0.000118118,0.000127193,0.000120615,0.000135866,0.000175402,0.000209517,0.000159174,0.000206136,0.000223534,0.000186553,0.000224989,0.000234775,0.000295629,0.000243209,0.000298823,0.000312489,0.000252972,0.000273828,0.000321096,0.000313245,0.000361137,0.000348914,0.000334733,0.000253231,0.000290416,0.000282046,0.000323109,0.000322301,0.000375348
157.5498607,0.000037011,4.32409E-05,4.76368E-05,2.31123E-05,3.63676E-05,7.29251E-05,8.99668E-05,8.78105E-05,0.000079911,2.98877E-05,4.66921E-05,4.42691E-05,4.63698E-05,7.02135E-05,3.61875E-05,1.54433E-05,-2.3294E-06,6.34457E-05,6.94054E-05,4.01426E-05,1.86098E-05,3.22295E-05,0.000021767,1.4832E-06,7.6427E-06,-9.2674E-06,2.96305E-05,8.8854E-06,2.54782E-05,3.49063E-05,6.23186E-05,1.57885E-05,3.88009E-05,9.88223E-05,6.40403E-05,-1.895E-07,3.06659E-05,0.000034594,4.9559E-06,0.000037553,4.64439E-05,0.000050643,0.000061453,3.21158E-05,1.46117E-05,0.000016522,4.47214E-05,0.000060548,7.28463E-05,6.03673E-05,6.02431E-05,1.10903E-05,2.0637E-06,0.000006578,1.73775E-05,-3.93426E-05,2.51476E-05,3.82021E-05,4.47981E-05,2.65581E-05,2.08031E-05,4.6887E-06,2.10468E-05,2.99717E-05,-2.08202E-05,1.75631E-05,2.76497E-05,4.38269E-05,0.000012549,5.9141E-06,4.14192E-05,4.12353E-05,-1.759E-07,-9.1499E-06,2.24547E-05,4.599E-07,-5.74085E-05,3.3246E-06,4.60452E-05,3.41727E-05,4.06178E-05,0.000018293,-1.97839E-05,1.74663E-05,3.03931E-05,1.84805E-05,1.03649E-05,1.25593E-05,3.80229E-05,4.15583E-05,2.0647E-06,1.72103E-05,3.84676E-05,5.42891E-05,4.37433E-05,1.94313E-05,1.87378E-05,4.80904E-05,9.51861E-05,8.20424E-05,3.02688E-05,6.38677E-05,8.48774E-05,0.000123069,0.000104079,5.85538E-05,0.000117187,0.000118468,7.70468E-05,0.00010719,0.000122746,0.000136924,0.000178705,0.000095582,0.000173058,0.000221757,0.000134399,0.000152346,0.000174186,0.000164296,0.000162686,0.000147221,0.000205272,0.000171246,0.000153695,0.000113281,0.000188903,0.000178202,0.000322752,0.000301453,0.000280057,0.000239798,0.000278858,0.000256986,0.000297201,0.000305875,0.00026762,0.00030903,0.000266615,0.000249214,0.000243696,0.00027101,0.000286962,0.000297803,0.000289579,0.000315677,0.000356506,0.000382785,0.000373074,0.000398374,0.000371285,0.000378617,0.000363142,0.000395576,0.000329871,0.000308236,0.000309942,0.000326104,0.000336246,0.000351426,0.000344461,0.00036026,0.000352,0.000392166,0.000380277,0.000376359,0.000357681,0.00038235,0.00030484,0.000305152,0.000339777,0.000339955,0.000341861,0.000335498,0.000332034,0.000341843,0.000397539,0.00041252,0.000318725,0.000329772,0.000375014,0.000456092,0.000363378,0.000315189,0.00041504,0.000416267,0.000389987,0.00042234,0.000386212,0.000357991,0.000330258,0.000358698,0.000344456,0.000402379,0.000425257,0.000428793,0.000423803,0.000438273,0.000425458,0.00046029,0.000402424,0.000459943,0.000400204,0.00038279,0.000366349,0.000446678,0.000354588,0.000435472,0.000456644,0.000412971,0.00037274,0.00034642,0.000280874,0.000346874,0.000333423,0.000347762,0.000341502,0.000347986,0.000317783,0.000360041,0.000266107,0.000223473,0.000205158,0.000210838,0.000179837,0.000192122,0.000165715,0.000187622,0.000197205,0.000201413,0.000194231,0.000209509,0.00020978,0.000192289,0.000231735,0.000170268,0.000197826,0.000244879,0.000204489,0.00020944,0.000231839,0.000209436,0.000228985,0.000189776,0.000198621,0.000226394,0.000238287,0.000278765,0.000264308,0.000232124,0.000228729,0.000271131,0.000220216,0.000213917,0.000219197,0.000248698
157.5417885,7.29255E-05,7.82488E-05,5.37892E-05,4.95879E-05,8.12306E-05,8.57316E-05,2.49688E-05,7.79397E-05,4.96484E-05,5.72063E-05,4.72174E-05,5.31996E-05,3.66362E-05,7.71407E-05,0.000102113,0.000131525,5.86503E-05,4.77636E-05,4.91543E-05,4.22645E-05,8.1527E-06,4.26254E-05,1.83767E-05,0.000042651,6.89039E-05,6.04317E-05,6.65024E-05,7.39197E-05,7.78784E-05,2.76226E-05,3.01983E-05,4.51688E-05,8.7133E-06,0.000081437,0.000030376,6.08624E-05,2.06086E-05,1.84336E-05,3.85974E-05,5.73719E-05,0.000020397,5.62161E-05,3.01479E-05,1.2467E-06,2.56928E-05,3.49223E-05,4.08054E-05,0.000039956,6.79488E-05,3.19606E-05,4.14296E-05,3.19934E-05,3.59026E-05,3.72925E-05,1.77223E-05,-3.134E-07,-9.084E-07,4.92098E-05,7.26264E-05,3.28246E-05,3.70331E-05,3.53072E-05,4.06399E-05,3.09515E-05,6.478E-07,2.71752E-05,2.39646E-05,2.33163E-05,-8.3847E-06,4.37226E-05,2.57259E-05,0.000014633,6.42186E-05,3.76051E-05,2.15851E-05,5.95851E-05,3.19898E-05,2.14481E-05,-3.77431E-05,-5.7515E-06,1.6038E-06,3.56358E-05,1.7746E-06,5.01097E-05,4.09992E-05,2.24561E-05,1.98558E-05,1.11531E-05,-9.8593E-06,3.80144E-05,4.3657E-06,5.90885E-05,1.06093E-05,5.70311E-05,0.000026394,7.55824E-05,4.82338E-05,0.000114898,8.96238E-05,7.16522E-05,8.67915E-05,0.000116225,0.000109039,9.11594E-05,0.000115936,0.000121359,0.000129778,0.000131641,0.00016931,0.000180111,0.000139259,0.000153373,0.000177554,0.000213389,0.000148353,0.000157434,0.00020153,0.000239294,0.000194352,0.000211751,0.00018927,0.000164076,0.000209556,0.000234231,0.000211866,0.000178649,0.000215955,0.000206913,0.000367684,0.000373666,0.000369947,0.00036409,0.000354065,0.000345909,0.000390288,0.000401129,0.000305352,0.000255103,0.000339704,0.000356425,0.000345939,0.000380437,0.000386535,0.000425609,0.000476408,0.000507113,0.000459509,0.00044181,0.000441879,0.000452943,0.00045749,0.000445336,0.00042564,0.000473448,0.000470009,0.000396799,0.00037145,0.00042742,0.000444179,0.00044137,0.000414864,0.000431634,0.000445806,0.000421263,0.00037239,0.000456019,0.000379008,0.000318937,0.000375028,0.000408305,0.000339051,0.000330802,0.000308167,0.000316576,0.000337727,0.000310839,0.000293584,0.000344671,0.000343319,0.000356376,0.000331447,0.000361787,0.000371684,0.000355976,0.000313441,0.000315064,0.000365886,0.000329776,0.000366072,0.00034659,0.000362495,0.000356296,0.000350361,0.000373777,0.000364642,0.000393358,0.000329235,0.000401626,0.000373095,0.00035286,0.000319158,0.000401634,0.000371249,0.000307909,0.000315105,0.000385965,0.000362817,0.000429304,0.000414095,0.000423779,0.00040014,0.000368543,0.000348137,0.000356265,0.000372947,0.000362195,0.000379492,0.000380313,0.000356533,0.00039221,0.00035094,0.000311599,0.000287842,0.000271913,0.000267955,0.000273581,0.000178288,0.00016881,0.000164466,0.00019526,0.000176217,0.000232895,0.000224772,0.000216977,0.000208212,0.000168636,0.000191559,0.000204879,0.0001561,0.000146175,0.000146581,0.000219166,0.000197074,0.000152509,0.000132614,0.000167092,0.000181742,0.000188018,0.000207786,0.000193481,0.000209409,0.000232239,0.000158325,0.000165798,0.000112886,0.000193413
157.5354507,0.00007727,4.16174E-05,7.78471E-05,4.70793E-05,0.000085452,4.96059E-05,9.88644E-05,9.59306E-05,8.13907E-05,4.27935E-05,7.53425E-05,8.08274E-05,0.000062936,7.01846E-05,0.000118957,6.24322E-05,8.68502E-05,4.11388E-05,8.88204E-05,5.86874E-05,2.98191E-05,9.33918E-05,7.85571E-05,8.38103E-05,0.000015496,7.79292E-05,7.84804E-05,7.30433E-05,7.88055E-05,8.23822E-05,6.71289E-05,6.64002E-05,6.96968E-05,2.98757E-05,5.62428E-05,3.38251E-05,0.000058799,8.54238E-05,0.000103629,8.49285E-05,3.00472E-05,6.37558E-05,6.41428E-05,7.78768E-05,3.70369E-05,7.53872E-05,7.56419E-05,7.73896E-05,4.40456E-05,6.05461E-05,8.11934E-05,6.37371E-05,6.53189E-05,7.48218E-05,3.72308E-05,4.38369E-05,2.58773E-05,6.23749E-05,-2.77886E-05,-1.26694E-05,2.07468E-05,6.49417E-05,2.91198E-05,4.55937E-05,2.79185E-05,0.000010437,6.97546E-05,5.21126E-05,0.000042417,2.88302E-05,7.54904E-05,5.49669E-05,5.40973E-05,5.36711E-05,3.92972E-05,3.27031E-05,0.000006744,6.00251E-05,4.51427E-05,0.000023892,0.00003039,4.8097E-06,4.05273E-05,3.22004E-05,3.43692E-05,4.31824E-05,2.95303E-05,3.58627E-05,5.42676E-05,3.72548E-05,4.63175E-05,2.61579E-05,2.32954E-05,6.94428E-05,5.97494E-05,2.43764E-05,4.78655E-05,8.46278E-05,5.65503E-05,7.00043E-05,0.00010162,8.95597E-05,9.03325E-05,8.90678E-05,5.11993E-05,8.96441E-05,0.000169294,0.000141284,8.20804E-05,0.000103546,0.000163476,0.000112113,0.000166405,0.000166848,0.000145586,9.50837E-05,0.000181867,0.000154029,0.000148172,0.000190845,0.000185537,0.000202718,0.000174006,0.000144089,0.000191627,0.000201309,0.000229192,0.0001881,6.39318E-05,4.70642E-05,2.39682E-05,5.92996E-05,9.99369E-05,8.53559E-05,0.000148935,0.000205283,0.000167007,9.42721E-05,5.15002E-05,6.49389E-05,-3.34049E-05,-3.92809E-05,9.2702E-06,3.54442E-05,2.6694E-06,5.46084E-05,8.53388E-05,8.01831E-05,0.000132055,0.000188652,0.000121286,7.20984E-05,4.05863E-05,3.37672E-05,7.10013E-05,9.74677E-05,0.00011224,0.000198581,0.000121041,0.000226831,0.000168016,0.000167146,0.000142703,0.000187477,0.000256309,0.000254343,0.000256841,0.000252692,0.00023751,0.000275132,0.000346442,0.000359939,0.000324138,0.000398279,0.000355252,0.000361676,0.000378001,0.000409351,0.000402206,0.000442064,0.000464823,0.000417128,0.000427398,0.000403259,0.00045728,0.000459615,0.000441811,0.000437848,0.000447518,0.000459373,0.000469023,0.000420387,0.000464368,0.000507165,0.000494046,0.000466028,0.000457342,0.000433829,0.000442721,0.000496717,0.00041955,0.000359763,0.000378762,0.000443815,0.000390992,0.000470025,0.000409971,0.00042868,0.000346813,0.00033704,0.000304275,0.00025097,0.000242348,0.000259166,0.000269117,0.000250739,0.000199513,0.000162499,0.000134763,9.77048E-05,6.63155E-05,0.000063215,5.45175E-05,4.72942E-05,5.12374E-05,1.52217E-05,0.000107803,0.000134394,0.000171662,0.000137334,0.000144614,0.000167131,0.00019659,0.000151053,0.000195502,0.000207502,0.000242368,0.000245625,0.000292254,0.000269974,0.000285143,0.000315469,0.000315799,0.000341631,0.000310153,0.000366616,0.000374463,0.000412827,0.000394711,0.000361145,0.00034621,0.000340962,0.000376768,0.000419507,0.000300435,0.000436354
157.530981,1.2842E-06,-2.41836E-05,4.1403E-06,2.49383E-05,-1.38247E-05,2.22166E-05,4.62638E-05,2.88716E-05,2.37264E-05,2.81961E-05,1.92554E-05,0.000054715,5.31604E-05,0.000046258,2.75268E-05,3.62833E-05,2.99571E-05,1.52156E-05,3.38359E-05,4.21341E-05,0.000034634,3.41291E-05,2.39548E-05,5.23184E-05,3.03507E-05,1.64918E-05,-1.40041E-05,0.000008777,4.12038E-05,7.09097E-05,5.50138E-05,1.57332E-05,3.26545E-05,2.49638E-05,0.000004115,1.93124E-05,4.03241E-05,5.07956E-05,-4.5201E-06,3.20472E-05,0.00001296,1.49138E-05,1.93652E-05,6.6079E-06,-8.1685E-06,-2.02588E-05,-1.26652E-05,8.9811E-06,-5.5272E-06,-5.4731E-06,-1.58054E-05,7.3251E-06,1.98438E-05,-0.000009497,-5.54475E-05,-1.87014E-05,9.5398E-06,2.67643E-05,8.9069E-06,2.47732E-05,-5.7867E-06,2.94809E-05,1.32578E-05,4.19393E-05,4.07959E-05,3.59346E-05,-4.7823E-06,-1.65944E-05,-6.6999E-06,9.8649E-06,-3.36949E-05,2.44443E-05,2.75597E-05,3.82369E-05,3.31796E-05,3.06236E-05,9.886E-07,1.76991E-05,1.88844E-05,2.80653E-05,-3.13775E-05,2.81296E-05,7.4789E-06,0.000013737,-0.000007066,1.39906E-05,3.54966E-05,6.603E-07,-2.51636E-05,3.11683E-05,0.000023918,4.52005E-05,2.00665E-05,-3.7989E-06,-1.54589E-05,-0.000008369,3.4339E-06,5.165E-07,2.08559E-05,-7.0117E-06,-2.53505E-05,3.70964E-05,2.67878E-05,1.92865E-05,6.68339E-05,0.000094625,4.70368E-05,5.28402E-05,4.01057E-05,0.000093289,2.78314E-05,6.14258E-05,4.28335E-05,0.00010654,5.39988E-05,9.39656E-05,5.70144E-05,9.96432E-05,0.000124575,0.000110518,0.000103925,0.000126437,0.000136578,0.000100453,9.20895E-05,0.000091407,0.000125345,8.92226E-05,0.000140809,0.00014991,0.000115257,0.00013425,0.000156991,0.000142014,0.000128187,0.000175713,0.000169353,0.000118708,0.000165568,0.000131979,0.000101246,0.000112954,0.00010138,8.43013E-05,0.000147495,0.000150132,0.000174964,0.000192809,0.000197025,0.000207242,0.000163481,0.000149311,0.000153018,0.000171777,0.000131376,0.000135221,0.000178414,0.000169499,0.000200231,0.0002296,0.000202409,0.00020763,0.000204989,0.000238661,0.00024143,0.000255065,0.000277197,0.000282929,0.000270722,0.000308797,0.000337094,0.000315409,0.000297693,0.000314883,0.000311521,0.000337333,0.000257369,0.000320087,0.000331822,0.000386124,0.00038029,0.000356602,0.000353286,0.000401448,0.000358112,0.000405509,0.000411111,0.000427604,0.000412227,0.00042653,0.000396416,0.000415809,0.000411382,0.000465421,0.000408496,0.000421012,0.000407565,0.000409657,0.00041294,0.000388814,0.000392942,0.000403921,0.000392047,0.000372859,0.000364411,0.000364478,0.0003482,0.000412274,0.000332081,0.000332989,0.000317503,0.000261065,0.000241197,0.00023513,0.000269058,0.000212586,0.000235171,0.000144121,0.000158375,0.000129778,0.000129101,8.87081E-05,2.49241E-05,3.44619E-05,4.82385E-05,8.49814E-05,6.00879E-05,0.000108149,0.000135034,0.000114321,0.000134837,0.000164165,0.000170181,0.000168092,0.000221901,0.000170097,0.000191373,0.000221967,0.000198301,0.00021016,0.000260196,0.000341602,0.000254543,0.000234636,0.000284212,0.000319153,0.000297205,0.000349026,0.00031872,0.00035091,0.00031859,0.000320089,0.000314326,0.000333976,0.000255179,0.000330717
157.5282458,4.53348E-05,2.43394E-05,7.21868E-05,7.24967E-05,8.18744E-05,5.63618E-05,5.80593E-05,1.12091E-05,7.15562E-05,-1.91731E-05,0.000101173,0.000082245,6.98354E-05,3.90571E-05,5.95365E-05,3.96056E-05,8.24604E-05,0.000085887,7.15985E-05,7.16809E-05,1.99903E-05,-0.000020357,0.000038504,2.25538E-05,2.5649E-06,-2.60069E-05,1.15239E-05,3.10092E-05,6.02779E-05,7.76892E-05,4.89645E-05,5.79872E-05,7.48577E-05,6.98646E-05,6.80256E-05,0.000053858,3.21902E-05,4.86577E-05,4.59591E-05,4.73033E-05,2.51085E-05,3.09406E-05,-2.665E-07,-0.000011062,3.35571E-05,3.59841E-05,5.09847E-05,2.49138E-05,6.9405E-06,0.000042719,6.74468E-05,3.31349E-05,6.19271E-05,6.18106E-05,1.05303E-05,2.29842E-05,4.04291E-05,-1.15754E-05,2.98268E-05,1.25165E-05,4.97664E-05,2.2235E-06,3.18258E-05,3.56745E-05,0.000062287,0.000021612,4.85328E-05,4.69295E-05,-1.69382E-05,1.02497E-05,2.32445E-05,2.8191E-06,3.32404E-05,3.79933E-05,2.77675E-05,-1.14275E-05,3.5847E-06,1.94335E-05,3.92308E-05,0.000026213,5.66422E-05,2.69826E-05,2.00959E-05,6.3697E-06,5.76601E-05,3.39788E-05,4.20794E-05,-1.26189E-05,4.97678E-05,6.93438E-05,2.41136E-05,0.000018292,5.11912E-05,2.81171E-05,-2.5973E-06,2.0072E-06,0.000109461,8.71353E-05,9.88992E-05,0.000101587,0.000132138,0.000133754,0.000112577,0.000107534,8.24247E-05,0.000131044,0.000144712,0.000143438,0.000139638,0.000175353,0.000186997,0.000154928,0.000149064,0.000142007,0.000183773,0.000204298,0.000217841,0.000222863,0.000226398,0.000222528,0.000179535,0.000214923,0.000203781,0.000227489,0.00025672,0.000229374,0.000274258,0.000267633,0.00031926,0.00028404,0.000291865,0.000306752,0.000286174,0.00031319,0.000286194,0.00028689,0.000214905,0.000252384,0.000267966,0.000345344,0.000287354,0.000392267,0.00032823,0.000343575,0.000372029,0.000419243,0.000411983,0.000409969,0.000356668,0.000379965,0.000401167,0.000382343,0.000397747,0.000410565,0.000362343,0.000360575,0.00034862,0.000428589,0.000327156,0.000336719,0.000386799,0.000359602,0.000371551,0.000363669,0.000342407,0.00037173,0.00035248,0.000296364,0.000336813,0.000289719,0.000254663,0.000243612,0.000314628,0.000329223,0.000312016,0.000285975,0.000370794,0.000396677,0.000304748,0.000356292,0.000322494,0.000337589,0.000343147,0.000391641,0.000406073,0.00037591,0.000337686,0.000351987,0.000417045,0.000375127,0.000312411,0.000401831,0.000363757,0.000414239,0.000347967,0.000358574,0.000308856,0.000372009,0.000374943,0.000375545,0.000339006,0.000357927,0.000330478,0.000347678,0.000317908,0.000423542,0.00034351,0.000378326,0.000427937,0.000386884,0.000306162,0.000340376,0.000296651,0.000317824,0.000349478,0.00036522,0.000344991,0.000382305,0.000346956,0.000331901,0.000356789,0.000237047,0.000246105,0.000220164,0.000180715,0.000154682,0.000192847,0.000163266,0.000155536,0.000207886,0.000163341,0.000182182,0.000214547,0.000205402,0.000193398,0.000169594,0.000181047,0.000218898,0.000198503,0.000174574,0.000203434,0.000193041,0.000195872,0.00018342,0.00011758,0.000184551,0.000196644,0.000248526,0.000250987,0.00024474,0.000252792,0.000233598,0.000149032,0.000175992,0.00015556,0.000221856
157.5273785,9.37441E-05,7.97462E-05,7.28537E-05,8.03761E-05,5.76371E-05,4.14734E-05,3.71468E-05,7.33261E-05,3.78584E-05,-4.19749E-05,4.25356E-05,9.89135E-05,5.47578E-05,6.07865E-05,6.55167E-05,8.41053E-05,5.60978E-05,3.08596E-05,7.13039E-05,7.06018E-05,4.01693E-05,1.64292E-05,2.36529E-05,4.55759E-05,4.46295E-05,4.80491E-05,1.17629E-05,3.32144E-05,1.52607E-05,5.49649E-05,5.04237E-05,0.000058312,8.33401E-05,6.75973E-05,3.33816E-05,5.98529E-05,5.28338E-05,0.000020354,5.46136E-05,3.23563E-05,4.32706E-05,6.12442E-05,2.74135E-05,3.27118E-05,4.91563E-05,3.48162E-05,-1.5255E-06,-1.12956E-05,2.23092E-05,5.29666E-05,4.65502E-05,0.000046161,2.40533E-05,1.34563E-05,-5.1625E-06,-0.000010197,3.63772E-05,3.36082E-05,1.03567E-05,2.74056E-05,1.22228E-05,3.04368E-05,4.38666E-05,3.36658E-05,4.7487E-06,3.33758E-05,1.25249E-05,1.15857E-05,3.01037E-05,3.25778E-05,3.51446E-05,7.77581E-05,1.83549E-05,-9.2707E-06,9.4709E-06,3.29029E-05,-2.9867E-06,4.4851E-06,1.12552E-05,4.47018E-05,2.95357E-05,2.93443E-05,2.56266E-05,3.76292E-05,3.36424E-05,2.96473E-05,3.52314E-05,5.89777E-05,2.17522E-05,5.85635E-05,2.99635E-05,8.0621E-06,2.27158E-05,4.29025E-05,5.12938E-05,4.37906E-05,3.85249E-05,6.33067E-05,9.14631E-05,9.27534E-05,8.60011E-05,0.000144477,0.000127277,0.000111348,7.61693E-05,0.000090754,0.000127123,0.000149165,8.74807E-05,0.000142463,0.000133933,0.000145763,0.000146574,0.000211335,0.000190143,0.000211157,0.000184683,0.000211268,0.000208033,0.000172442,0.000168897,0.000148426,0.000194335,0.000204667,0.000240567,0.000227572,0.000225398,0.000240333,0.000234647,0.000260181,0.000260557,0.000254792,0.000228985,0.000267788,0.000294247,0.000248982,0.000204898,0.000184672,0.000284862,0.000291738,0.000255419,0.000291738,0.000261342,0.000317627,0.000297322,0.000325834,0.000363111,0.000335004,0.000327967,0.000358767,0.000344972,0.000361088,0.000282714,0.000287242,0.000329842,0.000274426,0.000305844,0.000353211,0.000318906,0.00037359,0.000342348,0.000369371,0.000372857,0.000379192,0.000327596,0.00030421,0.00029785,0.000318936,0.000251685,0.000336685,0.000334475,0.000297041,0.000303642,0.000310485,0.000302023,0.000302248,0.000327713,0.000356544,0.000362763,0.000406783,0.000377966,0.000384875,0.00040589,0.000338658,0.000355928,0.000380423,0.000352377,0.000375394,0.000351254,0.000387369,0.000361341,0.00041099,0.000388872,0.000434896,0.000463322,0.000394076,0.000387327,0.000379749,0.00040751,0.000416093,0.000367764,0.000360405,0.000396199,0.000375475,0.000321187,0.000467773,0.000424288,0.000442311,0.000430708,0.000382043,0.000375352,0.000360162,0.000322811,0.000341962,0.000318701,0.000360615,0.000325354,0.000306385,0.000277442,0.000277928,0.000253551,0.000241788,0.00021931,0.000157756,0.000147848,0.00014358,0.000160289,0.000179805,0.000170837,0.00021599,0.000205885,0.000208121,0.000206679,0.000178779,0.000139721,0.000176335,0.000222628,0.000239302,0.000214583,0.000248365,0.000245591,0.000292749,0.000244921,0.000242589,0.000226076,0.000239576,0.000289167,0.000270187,0.000285627,0.000308903,0.000336866,0.000330448,0.000218309,0.000257771,0.000262169,0.000317859
